Nom;Luminosité;Difficulté;Température;Arrosage;Allergène animaux;Type;Description;Photo;Catégorie;Humidité préférée;Taille adulte;Vitesse de croissance;Besoin de rempotage;Facilité d’entretien globale;Esthétique;Purifie l’air;Type de croissance
Monstera;Moyen;Moyen;18-28°C;Moyenne;Oui;Plante grimpante;Feuilles découpées, tropicale;https://upload.wikimedia.org/wikipedia/commons/e/e5/Monstera_deliciosa4.jpg?20060104205338;Tropicale;Modéré;Grande;Rapide;Occasionnel;Moyen;Feuillage décoratif;Oui;Grimpante
Sansevière;Faible;Facile;15-30°C;Faible;Oui;Succulente;Feuilles rigides verticales, très résistante;https://upload.wikimedia.org/wikipedia/commons/thumb/9/91/Snake_plant.jpg/960px-Snake_plant.jpg;Succulente;Sec;Moyenne;Lente;Rare;Facile;Feuillage décoratif;Oui;Verticale
Figuier lyre;Moyen;Moyen;18-25°C;Moyenne;Oui;Plante d’intérieur;Feuilles larges en forme de lyre;https://upload.wikimedia.org/wikipedia/commons/thumb/9/91/Snake_plant.jpg/960px-Snake_plant.jpg;Tropicale;Modéré;Grande;Rapide;Occasionnel;Moyen;Feuillage décoratif;Oui;Verticale
Epipremnum aureum;Faible;Facile;16-28°C;Moyenne;Oui;Plante grimpante;Feuillage vert brillant, facile à entretenir;https://upload.wikimedia.org/wikipedia/commons/thumb/9/91/Snake_plant.jpg/960px-Snake_plant.jpg;Grimpante;Modéré;Moyenne;Rapide;Occasionnel;Facile;Feuillage décoratif;Oui;Grimpante
Aloe vera;Fort;Facile;18-30°C;Faible;Oui;Succulente;Plante médicinale, feuilles charnues;https://upload.wikimedia.org/wikipedia/commons/thumb/8/85/Echte_Aloe_von_oben.JPG/500px-Echte_Aloe_von_oben.JPG;Succulente;Sec;Petite;Lente;Rare;Facile;Feuillage décoratif;Non;Verticale
Calathéa;Moyen;Moyen;18-24°C;Élevée;Non;Tropicale;Feuilles colorées et décoratives;https://upload.wikimedia.org/wikipedia/commons/thumb/a/ab/Taxonomic_hierarchy.svg/547px-Taxonomic_hierarchy.svg.png;Tropicale;Humide;Moyenne;Moyenne;Occasionnel;Moyen;Feuillage décoratif;Non;Verticale
Dracaena;Moyen;Facile;18-28°C;Moyenne;Oui;Plante d’intérieur;Feuilles longues et fines;https://upload.wikimedia.org/wikipedia/commons/thumb/f/f9/Dracaena_marginata_IndoorPlant_0605k.jpg/330px-Dracaena_marginata_IndoorPlant_0605k.jpg;Tropicale;Modéré;Grande;Rapide;Occasionnel;Moyen;Feuillage décoratif;Oui;Verticale
Zamioculcas;Faible;Très facile;15-30°C;Faible;Oui;Plante d’intérieur;Feuilles vert foncé, résistante à la sécheresse;https://upload.wikimedia.org/wikipedia/commons/thumb/c/cf/Zamioculcas_zamiifolia_1.jpg/960px-Zamioculcas_zamiifolia_1.jpg;Succulente;Sec;Moyenne;Lente;Rare;Facile;Feuillage décoratif;Oui;Verticale
Cactus;Fort;Facile;18-35°C;Faible;Non;Succulente;Plante désertique, facile à entretenir;https://upload.wikimedia.org/wikipedia/commons/thumb/1/1c/Various_Cactaceae.jpg/960px-Various_Cactaceae.jpg;Succulente;Sec;Petite;Lente;Rare;Facile;Feuillage décoratif;Non;Verticale
Hibiscus;Fort;Moyen;20-28°C;Moyenne;Non;Fleurie;Fleurs colorées, tropicale;https://upload.wikimedia.org/wikipedia/commons/thumb/d/d2/Hibiscus_fragilis-IMG_5863.jpg/960px-Hibiscus_fragilis-IMG_5863.jpg;Fleurie;Modéré;Moyenne;Moyenne;Occasionnel;Moyen;Fleurie;Non;Verticale
Lys de paix;Moyen;Moyen;18-25°C;Élevée;Oui;Fleurie;Fleurs blanches élégantes, purifie l’air;https://upload.wikimedia.org/wikipedia/commons/thumb/e/e3/Spathiphyllum_wallisii_a3.jpg/960px-Spathiphyllum_wallisii_a3.jpg;Fleurie;Modéré;Moyenne;Moyenne;Occasionnel;Moyen;Fleurie;Oui;Verticale
Bégonia;Moyen;Moyen;18-24°C;Moyenne;Non;Fleurie;Feuillage décoratif, fleurs colorées;https://upload.wikimedia.org/wikipedia/commons/thumb/3/30/2010._%D0%92%D1%8B%D1%81%D1%82%D0%B0%D0%B2%D0%BA%D0%B0_%D1%86%D0%B2%D0%B5%D1%82%D0%BE%D0%B2_%D0%B2_%D0%94%D0%BE%D0%BD%D0%B5%D1%86%D0%BA%D0%B5_%D0%BD%D0%B0_%D0%B4%D0%B5%D0%BD%D1%8C_%D0%B3%D0%BE%D1%80%D0%BE%D0%B4%D0%B0_86.jpg/500px-2010._%D0%92%D1%8B%D1%81%D1%82%D0%B0%D0%B2%D0%BA%D0%B0_%D1%86%D0%B2%D0%B5%D1%82%D0%BE%D0%B2_%D0%B2_%D0%94%D0%BE%D0%BD%D0%B5%D1%86%D0%BA%D0%B5_%D0%BD%D0%B0_%D0%B4%D0%B5%D0%BD%D1%8C_%D0%B3%D0%BE%D1%80%D0%BE%D0%B4%D0%B0_86.jpg;Fleurie;Humide;Moyenne;Moyenne;Occasionnel;Moyen;Mix;Non;Verticale
Peperomia;Moyen;Facile;18-25°C;Moyenne;Non;Plante d’intérieur;Petites feuilles épaisses, compactes;https://upload.wikimedia.org/wikipedia/commons/thumb/e/e9/Peperomia_obtusifolia_Guadeloupe.JPG/960px-Peperomia_obtusifolia_Guadeloupe.JPG;Succulente;Modéré;Petite;Lente;Rare;Facile;Feuillage décoratif;Non;Verticale
Orchidée;Moyen;Moyen;18-24°C;Moyenne;Non;Fleurie;Fleurs délicates et élégantes;https://upload.wikimedia.org/wikipedia/commons/thumb/5/55/PhalaenopsisOphrysPaphiopedilumMaxillaria.jpg/560px-PhalaenopsisOphrysPaphiopedilumMaxillaria.jpg;Fleurie;Modéré;Moyenne;Lente;Occasionnel;Moyen;Fleurie;Non;Verticale
Chlorophytum;Moyen;Facile;16-28°C;Moyenne;Non;Plante d’intérieur;Feuilles longues, pousse facilement des bébés;https://upload.wikimedia.org/wikipedia/commons/3/34/Chlorophytum_comosum0.jpg;Tropicale;Modéré;Moyenne;Rapide;Occasionnel;Facile;Feuillage décoratif;Oui;Retombante
Echeveria;Fort;Facile;18-30°C;Faible;Non;Succulente;Rosette de feuilles charnues, très décorative;https://upload.wikimedia.org/wikipedia/commons/thumb/0/00/Echeveria_elegans0.jpg/560px-Echeveria_elegans0.jpg;Succulente;Sec;Petite;Lente;Rare;Facile;Feuillage décoratif;Non;Verticale
Maranta;Moyen;Moyen;18-25°C;Élevée;Non;Tropicale;Feuilles qui se replient la nuit;https://upload.wikimedia.org/wikipedia/commons/thumb/f/f2/Maranta_leuconeura0.jpg/560px-Maranta_leuconeura0.jpg;Tropicale;Humide;Moyenne;Moyenne;Occasionnel;Moyen;Feuillage décoratif;Non;Verticale
Anthurium;Moyen;Moyen;18-28°C;Élevée;Oui;Fleurie;Fleurs rouges ou roses brillantes;https://upload.wikimedia.org/wikipedia/commons/thumb/1/19/Starr_080103-1397_Anthurium_andraeanum.jpg/960px-Starr_080103-1397_Anthurium_andraeanum.jpg;Fleurie;Humide;Moyenne;Moyenne;Occasionnel;Moyen;Fleurie;Oui;Verticale
Figuier à feuilles de violon;Moyen;Moyen;18-28°C;Moyenne;Oui;Plante d’intérieur;Feuilles larges et décoratives;https://encrypted-tbn2.gstatic.com/images?q=tbn:ANd9GcS9raCntoI9M2lIgV2Z1dcAvvm6VxTtSTJFdCaJ7l1fGUnovhhe30ipFZ8OxoRztpkYVhYww2xeLzdJqEZ-cvO99Pn4ifjxL9icayZ9JiB2;Tropicale;Modéré;Grande;Rapide;Occasionnel;Moyen;Feuillage décoratif;Oui;Verticale
Pilea;Moyen;Facile;16-25°C;Moyenne;Non;Plante d’intérieur;Feuilles rondes et arrondies, facile à multiplier;https://upload.wikimedia.org/wikipedia/commons/thumb/9/9a/Pilea_peperomioides_02.jpg/500px-Pilea_peperomioides_02.jpg;Succulente;Modéré;Petite;Rapide;Occasionnel;Facile;Feuillage décoratif;Non;Verticale
Haworthia;Moyen;Facile;16-28°C;Faible;Non;Succulente;Petite succulente compacte;https://upload.wikimedia.org/wikipedia/commons/thumb/d/dd/Lassytha_-_Haworthia_attenuata_hybrid-cultivar.jpg/500px-Lassytha_-_Haworthia_attenuata_hybrid-cultivar.jpg;Succulente;Sec;Petite;Lente;Rare;Facile;Feuillage décoratif;Non;Verticale
Soleirolia;Moyen;Facile;18-24°C;Élevée;Non;Plante retombante;Petites feuilles vertes très denses;https://upload.wikimedia.org/wikipedia/commons/thumb/1/10/Soleirolia_soleirolii001.JPG/560px-Soleirolia_soleirolii001.JPG;Tropicale;Humide;Petite;Rapide;Occasionnel;Facile;Feuillage décoratif;Non;Retombante
Tradescantia;Moyen;Facile;18-26°C;Moyenne;Oui;Plante grimpante;Feuilles colorées violacées;https://upload.wikimedia.org/wikipedia/commons/thumb/a/a2/Tradescantia.jpg/560px-Tradescantia.jpg;Grimpante;Modéré;Moyenne;Rapide;Occasionnel;Facile;Feuillage décoratif;Oui;Grimpante
Spathoglottis;Moyen;Moyen;18-28°C;Moyenne;Non;Fleurie;Orchidée terrestre à fleurs colorées;https://upload.wikimedia.org/wikipedia/commons/thumb/a/a6/Spathoglottis_affinis_2.jpg/560px-Spathoglottis_affinis_2.jpg;Fleurie;Humide;Moyenne;Moyenne;Occasionnel;Moyen;Fleurie;Non;Verticale
Fatsia japonica;Moyen;Moyen;16-25°C;Moyenne;Non;Plante d’intérieur;Grandes feuilles palmées;https://upload.wikimedia.org/wikipedia/commons/thumb/4/44/Fatsia_japonica.003_-_Zapateira.jpg/960px-Fatsia_japonica.003_-_Zapateira.jpg;Tropicale;Modéré;Grande;Moyenne;Occasionnel;Moyen;Feuillage décoratif;Oui;Verticale
Nephrolepis;Moyen;Facile;18-25°C;Élevée;Non;Fougère;Fougère décorative retombante;https://upload.wikimedia.org/wikipedia/commons/thumb/4/44/Fatsia_japonica.003_-_Zapateira.jpg/960px-Fatsia_japonica.003_-_Zapateira.jpg;Tropicale;Humide;Moyenne;Rapide;Occasionnel;Facile;Feuillage décoratif;Oui;Retombante
Calceolaria;Moyen;Moyen;18-24°C;Moyenne;Non;Fleurie;Fleurs en forme de pochettes colorées;https://upload.wikimedia.org/wikipedia/commons/thumb/7/7c/Calceolaria_fleurs.jpg/560px-Calceolaria_fleurs.jpg;Fleurie;Modéré;Petite;Moyenne;Occasionnel;Moyen;Fleurie;Non;Verticale
Hedera helix;Moyen;Facile;16-25°C;Moyenne;Oui;Plante grimpante;Lierre classique, toxique pour animaux;https://upload.wikimedia.org/wikipedia/commons/thumb/4/4a/%28MHNT%29_Hedera_helix_-_immature_inflorescences.jpg/960px-%28MHNT%29_Hedera_helix_-_immature_inflorescences.jpg;Grimpante;Modéré;Moyenne;Rapide;Occasionnel;Facile;Feuillage décoratif;Oui;Grimpante
Syngonium podophyllum;Moyen;Moyen;18-26°C;Moyenne;Oui;Plante grimpante;Feuilles en forme de flèche, toxique;https://upload.wikimedia.org/wikipedia/commons/thumb/2/28/Starr-180421-0790-Syngonium_podophyllum-leaves-Honolua_Lipoa_Point-Maui_%2843459251981%29.jpg/960px-Starr-180421-0790-Syngonium_podophyllum-leaves-Honolua_Lipoa_Point-Maui_%2843459251981%29.jpg;Grimpante;Modéré;Moyenne;Rapide;Occasionnel;Moyen;Feuillage décoratif;Oui;Grimpante
Dieffenbachia seguine;Moyen;Moyen;18-26°C;Moyenne;Oui;Tropicale;Feuilles grandes et tachetées, toxique;https://upload.wikimedia.org/wikipedia/commons/thumb/e/e0/Starr_061212-2331_Dieffenbachia_seguine.jpg/960px-Starr_061212-2331_Dieffenbachia_seguine.jpg;Tropicale;Humide;Grande;Rapide;Occasionnel;Moyen;Feuillage décoratif;Oui;Verticale
Homalomena;Moyen;Facile;18-25°C;Moyenne;Oui;Tropicale;Plante feuillue décorative, toxique;https://upload.wikimedia.org/wikipedia/commons/thumb/6/6f/Homalomena_rubescens_%28Philippines%29_01.jpg/960px-Homalomena_rubescens_%28Philippines%29_01.jpg;Tropicale;Humide;Moyenne;Moyenne;Occasionnel;Facile;Feuillage décoratif;Oui;Verticale
Aspidistra elatior;Faible;Facile;15-25°C;Faible;Non;Plante d’intérieur;Plante robuste et résistante;https://upload.wikimedia.org/wikipedia/commons/thumb/6/6d/Aspidistra_elatior.jpg/960px-Aspidistra_elatior.jpg;Tropicale;Modéré;Grande;Lente;Rare;Facile;Feuillage décoratif;Oui;Verticale
Plectranthus;Moyen;Facile;18-26°C;Moyenne;Non;Plante aromatique;Petites feuilles vertes parfumées;https://encrypted-tbn1.gstatic.com/images?q=tbn:ANd9GcRgtPJ0LGmLeUPPX0aacBx5iQ4ewBwA8v-8KFFOd4-3LUxS3KsUUFIpx04AtuD-6JWjzUcMRCFp-VQB9c7clxddcBV2_Clu2X3H4gY9jNAO2g;Tropicale;Modéré;Petite;Rapide;Occasionnel;Facile;Feuillage décoratif;Non;Verticale
Kalanchoe blossfeldiana;Fort;Facile;18-30°C;Faible;Oui;Succulente;Fleurs colorées, toxique pour animaux;https://upload.wikimedia.org/wikipedia/commons/thumb/9/98/2007-03-20Kalanchoe_blossfeldiana13.jpg/560px-2007-03-20Kalanchoe_blossfeldiana13.jpg;Succulente;Sec;Petite;Rapide;Rare;Facile;Fleurie;Oui;Verticale
Clivia miniata;Moyen;Moyen;18-28°C;Moyenne;Oui;Fleurie;Fleurs oranges, toxique pour chats/chiens;https://upload.wikimedia.org/wikipedia/commons/thumb/6/64/Clivia_miniata2.jpg/500px-Clivia_miniata2.jpg;Fleurie;Modéré;Moyenne;Moyenne;Occasionnel;Moyen;Fleurie;Oui;Verticale
Zebrina pendula;Moyen;Facile;18-26°C;Moyenne;Non;Plante retombante;Feuilles panachées violettes;https://encrypted-tbn3.gstatic.com/images?q=tbn:ANd9GcQbUIvuUqf7wb-I56xc8arn_6ookLkorjig_lJWKx3lQUSTFIDIrr8szAftkiOSnkiopHDXHLZbH-jAdEE65UADxNn5A-_8nnDJDlTZG0m9;Grimpante;Modéré;Petite;Rapide;Occasionnel;Facile;Feuillage décoratif;Non;Retombante
Fittonia verschaffeltii;Moyen;Moyen;18-24°C;Élevée;Non;Tropicale;Feuilles nervurées rouges ou blanches;https://encrypted-tbn0.gstatic.com/images?q=tbn:ANd9GcTP807DNcIgwb4V-jHCZk-skzwCzOM-sij5710eKMBi5LrrkL68Sv7dkyg1GriJmmpYqkYWZuiAhMaQHFFQY_h9cb1jfP_XWC-xuJsB94Gd;Tropicale;Humide;Petite;Moyenne;Occasionnel;Moyen;Feuillage décoratif;Non;Retombante
Begonia maculata;Moyen;Moyen;18-24°C;Moyenne;Non;Fleurie;Feuilles décoratives, fleurs blanches;https://upload.wikimedia.org/wikipedia/commons/thumb/b/b7/%28MHNT%29_Begonia_maculata_-_young_leaf.jpg/330px-%28MHNT%29_Begonia_maculata_-_young_leaf.jpg;Fleurie;Modéré;Moyenne;Moyenne;Occasionnel;Moyen;Mix;Non;Verticale
Peperomia caperata;Moyen;Facile;18-25°C;Moyenne;Non;Succulente;Feuilles ondulées, compactes;https://upload.wikimedia.org/wikipedia/commons/thumb/1/14/Peperomia_caperata_1-OB9.jpg/960px-Peperomia_caperata_1-OB9.jpg;Succulente;Modéré;Petite;Lente;Rare;Facile;Feuillage décoratif;Non;Verticale
Hoya carnosa;Moyen;Facile;18-28°C;Faible;Non;Plante grimpante;Fleurs parfumées en étoile;https://upload.wikimedia.org/wikipedia/commons/thumb/5/5a/Hoya_carnosa_17zz.jpg/500px-Hoya_carnosa_17zz.jpg;Grimpante;Modéré;Moyenne;Lente;Rare;Facile;Fleurie;Non;Grimpante
Alocasia amazonica;Moyen;Moyen;18-26°C;Élevée;Oui;Tropicale;Feuilles larges décoratives, toxique;https://upload.wikimedia.org/wikipedia/commons/thumb/c/cf/Alocasia_x_amazonica_a1.jpg/960px-Alocasia_x_amazonica_a1.jpg;Tropicale;Humide;Moyenne;Rapide;Occasionnel;Moyen;Feuillage décoratif;Oui;Verticale
Codiaeum variegatum;Moyen;Moyen;18-26°C;Élevée;Oui;Tropicale;Feuilles colorées, toxique;https://upload.wikimedia.org/wikipedia/commons/thumb/b/bf/Colpfl05.jpg/960px-Colpfl05.jpg;Tropicale;Humide;Moyenne;Moyenne;Occasionnel;Moyen;Feuillage décoratif;Oui;Verticale
Dracaena marginata;Moyen;Facile;18-28°C;Moyenne;Oui;Tropicale;Feuilles étroites rouges sur les bords, toxique;https://upload.wikimedia.org/wikipedia/commons/thumb/f/f9/Dracaena_marginata_IndoorPlant_0605k.jpg/500px-Dracaena_marginata_IndoorPlant_0605k.jpg;Tropicale;Modéré;Grande;Rapide;Occasionnel;Facile;Feuillage décoratif;Oui;Verticale
Ficus benjamina;Moyen;Moyen;18-28°C;Moyenne;Oui;Plante d’intérieur;Feuilles fines et brillantes, toxique;https://upload.wikimedia.org/wikipedia/commons/thumb/9/9d/Ficus_benjamina2.jpg/500px-Ficus_benjamina2.jpg;Tropicale;Modéré;Grande;Rapide;Occasionnel;Moyen;Feuillage décoratif;Oui;Verticale
Ficus elastica 'Robusta';Moyen;Facile;18-28°C;Moyenne;Oui;Plante d’intérieur;Feuilles larges et brillantes, toxique;"data:image/jpeg;base64,/9j/4AAQSkZJRgABAQAAAQABAAD/2wCEAAkGBwgHBgkIBwgKCgkLDRYPDQwMDRsUFRAWIB0iIiAdHx8kKDQsJCYxJx8fLT0tMTU3Ojo6Iys/RD84QzQ5OjcBCgoKDQwNGg8PGjclHyU3Nzc3Nzc3Nzc3Nzc3Nzc3Nzc3Nzc3Nzc3Nzc3Nzc3Nzc3Nzc3Nzc3Nzc3Nzc3Nzc3N//AABEIAKAAagMBIgACEQEDEQH/xAAcAAEAAgMBAQEAAAAAAAAAAAAABgcDBAUCCAH/xAA7EAABAwMCBAIHBgMJAAAAAAABAAIDBAUREiEGMUFRYXEHExQiMoGRI1KhsdHwJDPBFTRDYmNygpKi/8QAGgEBAAMBAQEAAAAAAAAAAAAAAAMEBQIBBv/EACQRAAMAAgICAgEFAAAAAAAAAAABAgMRBBIhMUFRBSIjMjNh/9oADAMBAAIRAxEAPwC10REM8IiIAiIgCIiAIiIAiIgCIiAIiIAiIgCItOvudJbzF7VMyMPeG5ccBuc7nsOnzXjaS2z1Lfo3EWKnqIqmISQPa9hJGppyNljuFfSW2mdU11RHBC3m555nsO58E7LWxp70bKKF1PpItcb8U9HWTM+/hrQfLfP1wuzYeKbbfDopHStnG5hkZ7wHfbIx45Uc5sdPSZ3WK5W2jtoiKUjCIiAIiIAiLjXmS4087Z4nYphsWs3IPcrmq6rZ1M9no7JIAyeQVb8Z1BmhdI4fFh2O24UvbeGS0dS2bDJWxOII5OwOihfFLtdJLgbaQQfmFn821crRYww02mcfhniKewVhewGSnk/mwZwHeI7Fcm/3mtvdc6prn5IOGRj4Yx2C15NlgqNQLHYzr2+Y/YVSapz134J4S7bM0JdLMWsHxDfPZT70X0ZFwqqlufVxw+rJ5AucQcfIN/FQqCP1MbY2N1zSHfH4AK5+GrULNZ4KQ49cRrmcOrzz+nL5K1xse739Dk5NTr7OoiItMzgiIgCIiAIdwQdweiIgIxxXb209DNUwNwzGHNHIZOPpuorcSJ7TKTvpjP4bqfcTsMnD1wDRkiBzgB/l3/oq6bJrpZYuj4yMd8hZfLhTXj5LmG9+yLStyjy1tKXuHwOBB7Z2WYYkaCMAEBemWyuu1PLRWmnM1S4tOkOAAaHAkknkMKni82kSN6OvwFT+38S0rSNTIczv/wCPL/0Wq4lW3DVfYuC6N8dVV+3XSb+8Oo2a2sxyYHHAIHfqVJrNxrZ7rOIGPkp5XfCKgAB3gCCRla2Gohdd+WVsvanskaIitEAREQBERAF+4PYrXrYZKmllhhqJKd7m4EsYGW/VVbxNZrraPtpnvlbyFSxxw4+PUH97qLLkcelskiFXyWw9jXtcyRoc1ww5p6hVTc6CWxVppajV6sH7GR3KRnn3HVOGuL7jQtaKiR9TDjeOV2SPI8wpVQXqivtxltlwjjno6oespmytGWuA95h8cYIPn2Ve+nIWvTJFNY3sqKOZ38tvxNcWd+Rwvbp5YIpYo5nj1o0zaTgOGc48shSmlt8dvt/EtTBDFC6irpIxNjVKdTg1rATnSADnI3OVD4opKupEMew5ud0a1V3h6vwTLTZmo4JKqchgGkbuceTQu1S1/wDYk9PUUbQZo3hw1jJf4HsOalvBHC0M1O2qrIf4T/BidkGU/fPh27+WFJpuErFMMPt7MeDiP6qWeNTXZHNZYT0diCVlRBHNHnRIwPbnngjK9rzEwRRMjb8LGho8gvSvr0UwiIvQEREAXmRjJY3RyMa9jhhzXDII8l6RAQm+8CxPD57JiKTmaZx913+09PI7eSg4lmt1QyVwkbLTyBxaBhzS0+PVXcopx7Yqess9bcYoy2up4HPa6MbyADOD38FVy4F/KSeMvxRX91vjzUXujpzFNTXCqEkkgbsS0NGR/wBQtChqWW5wk9mgkbq1mKRvuux97GM+S51I4OIGQB1PYLE+SSsqBFCCZJDhjR++35Kp2qn7J0kj6FtFWK+1UdYI/V+vgZJo6NyM4W2opw3fxmhtJoZI2MiZCx5kyTpbzLceGVK1pRapeCnS0wiIuzkIiIAiIgCIiAw1VVT0kXrKqVkTM4BccZPZeKSvo63IpqiOXA3aDvjyWve7RBeKZkMznsLHBzXs5juPmFo0vDFsozh1RUOfjbMwYR5aQFw3W/Xg6XXRBuIOAxFf2UNpq4YWV8b3xMmyBCBu8DHMY5fsrpeiezUUTK+tZJHUyB3s2rY4HM7dM+7suXxY648IcQUdbWyz3GixKKWR8mHt1NLXNJIxkagc9VvcCWjiKn4ap6W0vp7bTSOMs9ZO0STTPO2WsGzWgAAat9s4ChiEqb0WKX7fssSGgpIJ3TwU0Ucjm6S5rADhbC4FLw3K3D66+XSpk6/aiNv0H6rsUtN7MCBPPI08hK/Vj581PO/rRXevszoiLo5CIiAIiIAiIgNG8U0lVQSxxTzQnST9jJoLtuWoDI+WCqbqLfYZah8lXYnSuLdnOuEzyDvvkuGen0V5YDtiMg81Stxj0TyN3GHEc1T5eW8eupsfisGPN2Vr0civfLUWmG2SOnfTQSvkh9ZUanM1ADSCWn3RjIHdSO38f19tpqejpLXRRUsDAyOJr3YwPl+PVcGZ4DQMcvFaUmNQ/VU55eVmpXBwa11LZ4L4pr7/AFk0VTTQRxsaZCWuJI3AAH1UwUA9FcYDax+N9LRn5n9FP1p4adQmz57mxGPM5haQREUpUCIiAIiIAiIgA5qnb+NFxqW9pXfmriVP8UNLLzWNPSZ/5qjzl+lG1+Fertf4RuoduVrBxLx5rLUHDjutdhy8LPlG5TLY9Fw/g6x3iwfmpwoT6LN7ZVu/1Gj8CpstnB/Wj5TnPfIoIiKUqBERAEREAREQDyXLr+HbPcJJJaqghdLI3DpQMP8AqF1EXjSfhnU3UvcvRFZfR7w9I7UYJxsfhncvcPo/4Zic1xt7pSOks73B3mM4P0UnRcrFC9IlfKztads1rfb6K2Qez26khpoc50RMDRnvstlEXZC237CIiHgREQH/2Q==";Tropicale;Modéré;Grande;Rapide;Occasionnel;Facile;Feuillage décoratif;Oui;Verticale
Philodendron hederaceum;Faible;Facile;16-28°C;Moyenne;Oui;Plante grimpante;Feuilles vertes en forme de cœur, toxique;https://upload.wikimedia.org/wikipedia/commons/thumb/7/7f/Philodendron_hederaceum_kz01.jpg/960px-Philodendron_hederaceum_kz01.jpg;Grimpante;Modéré;Moyenne;Rapide;Occasionnel;Facile;Feuillage décoratif;Oui;Grimpante
Philodendron brasil;Moyen;Facile;18-28°C;Moyenne;Oui;Plante grimpante;Feuilles panachées vert-jaune, toxique;https://encrypted-tbn1.gstatic.com/images?q=tbn:ANd9GcS9N5gLHHo7wvLc1etTICwIPMPlQE-Ubf2ISkHcnVZcE4mZDrTVvoVV-p0qqHxaXoa-rLM3_0yNa1IHyGCHYGzvkxDvTXGwdC77CX7-LOPL;Grimpante;Modéré;Moyenne;Rapide;Occasionnel;Facile;Feuillage décoratif;Oui;Grimpante
Asplenium nidus;Moyen;Facile;18-26°C;Élevée;Non;Fougère;Fougère nid d’oiseau décorative;https://upload.wikimedia.org/wikipedia/commons/thumb/1/13/Asplenium_nidus_003.jpg/960px-Asplenium_nidus_003.jpg;Tropicale;Humide;Moyenne;Moyenne;Occasionnel;Facile;Feuillage décoratif;Oui;Verticale
Neoregelia;Moyen;Moyen;18-26°C;Élevée;Non;Tropicale;Plante broméliacée colorée;https://upload.wikimedia.org/wikipedia/commons/thumb/5/55/Neoregelia_compacta.jpg/960px-Neoregelia_compacta.jpg;Tropicale;Humide;Petite;Rapide;Occasionnel;Moyen;Feuillage décoratif;Non;Verticale
Cryptanthus;Moyen;Facile;18-25°C;Élevée;Non;Tropicale;Plante terreau, feuilles colorées;https://upload.wikimedia.org/wikipedia/commons/thumb/d/d2/Cryptanthus_glaziovii.jpg/960px-Cryptanthus_glaziovii.jpg;Tropicale;Humide;Petite;Rapide;Occasionnel;Facile;Feuillage décoratif;Non;Verticale
Syngonium podophyllum 'Albo';Moyen;Facile;18-26°C;Moyenne;Oui;Plante grimpante;Feuilles panachées blanc et vert, toxique;"data:image/jpeg;base64,/9j/4AAQSkZJRgABAQAAAQABAAD/2wCEAAkGBwgHBgkIBwgKCgkLDRYPDQwMDRsUFRAWIB0iIiAdHx8kKDQsJCYxJx8fLT0tMTU3Ojo6Iys/RD84QzQ5OjcBCgoKDQwNGg8PGjclHyU3Nzc3Nzc3Nzc3Nzc3Nzc3Nzc3Nzc3Nzc3Nzc3Nzc3Nzc3Nzc3Nzc3Nzc3Nzc3Nzc3N//AABEIAMAAzAMBIgACEQEDEQH/xAAcAAACAwEBAQEAAAAAAAAAAAAFBgMEBwIIAQD/xABAEAACAQIEBAQEAwYEBQUBAAABAgMEEQAFEiEGEzFBIlFhcQcUgZEjMqFCUrHB0fAVM2LhFkNyovEkgpLC0iX/xAAZAQADAQEBAAAAAAAAAAAAAAABAgMEAAX/xAAjEQACAgICAwADAQEAAAAAAAAAAQIRAyESMRMiQTJRYRQE/9oADAMBAAIRAxEAPwDOIZgkfMVizD817bXwRySlrOIc5go4AHllIBe/SMbEm/kP4DC20p1XXp674f8A4NuhzyulfTqSlGj0u2+MigZVHY7/ABD1U1Hk+Xwi8UUT38I3sFAv92++Mlz3JI7PWUVOEkXdo1Gzedh2ONb4xBqK+kkF2AgO3uT/AEGFWalUSFgtiCARfHKVSNKQvfCXMmXPKiikvoqIw4W+11/nv+mNpjACqp2J6YwXO6eThfimjzSmUrE7iVUW3nZ1+ov98PnGHxJjoEak4ei11QRQ9TKo0w6lB2U9WHrtjZCSSFaL3xI4tXhyh+UoplbM5xZQDcwrb8x8vTGGK0s0zyyOzyMbszG5JPe/nj7Uc2omeaaV5ZnOp3diWYnckk46iPKicSCzDoT3wsnZ3wbOHcymz6soMinYmaWZYllP7S36H2F98eo0RKemjiU2VFCrfyAtjy98FqZan4jZZqCnQJJBfzVScen6qRVj8QuMLGCi7QVFLojmmB2urYomVYmJU74jnZLgo217X7YocTJJQ5dJUCsggEY1SzTJdVTvbf8AlvhrCyzPn1NASHYuw/5aeJj9BgJmvFdb8tJJQ5SFdQdHzbFNdhfpby7YyfN/iZmsjTxZDDDl8EjWFToDVEii+5Y+FbjsF2OIeBs9aPMGpc3zFpY8wkBLyyFtMm2lmY737fTCybaFsN55x1nL07RzrSKdeiSHlG9jfsT6dcJCJqzFauohmqKSMa5Yo2AbSOx9Ol7euGziDLoBU18lTP8A+qWqMMSIt4kVApYk9dRDXsOw9cK9KahZA1OqyG+kCTcEEEaSvQg+WIp0yPJp7Gukzfn01ZVwUnOpUUJT0dMo8Po9tx9sUc9zgVdFHElJNHUg3kjZwAm3Tz9cBhTaOXWZXWWfTadEujxNfoO5HtiFK2vSeRY6mZi4swLcwMB2364Zs5sqwtWtHJUwTx2jX8S7De+1rHqTjrJYlauiQaS00mkK5uovibmEHU8CRkElXSMEg+W+5+pOPpip7fMCXcG11UKb+YAtbAcjuWjZvhzwxFlEucVMfSVIVIPQMNeqx8jqGLuc5TTLVvWugYVTLA1zYI5uqN923/pjj4VVZn4Wl5tbJVuahgXlYlugIXfyGGSenjkPLnRZIyQ2lhcHfDySnGiyVoyqvkr8sr0qjUSiWDVHDHI92RQdzve17dfXyweglmqcwy8a1mp5pT8ybLqYEWsV623tYbbDAjiulWXNKhaBWiijW7LpvpIJ1EC3pg/w3w/DSiHMWKiR445YkRj+GGXow/W9sYVFudE4pqRNmNPkvD00AqaiCnpZbiEyeG1tyuwt3wLq894Emm11GYUUz23exN/rbF74kZS2d8E1UVPFz62B1nSO3iNj4reum/3x5/lUzOXkcgnscav88Gy7Y4ng4y1C0WXmWvqlVWnljYRwxX303NyTb2xdySiqeEeM6TK5yjyV0HjIfVoBJ072G/gN8NuZ10HDL0Bii00tQxRwg3Tya38sdU7UVfns2cry5mSGOCJwLkA3Jt9/44XmTSVkfFWX5hmlJTSZdNy66k1csBynMVrahcHzAIvf9cJVHxPX5bmv+H8QRA2YRu0i6Xjv322Ixo8k4pmMj30ICd9tvLGKZ5UT5tmNTXzXLTuT06DsMNGvo46cfUa1iZHTK4vJOU1X2CkDCpnUMdDXfhUrGPqoqjr1jzAHY2/XEQrquqp4IqqcyxUu6JINva+Pwq4mzCOWp1zIV0vqAJ6W2HptbyxVdUSm9nyjpTV1cMjiCKJ2AKRHSbE9B13wY424dpMlp6SRXjSefVaOB2dWA3udZuPLAWqCColloYJaaBvCqltRt/HEVSsjU8GupaQKDoRnDaLncWvcXtfBQUw18JswGW/EHKp5AFWSQwtfoNYK3x6fq5XBEYANzsMeP1lmgMU6WDRsGSTSfzA3G/TqBj0XU8c0tPwXS8UVQAMlMrJAW3lnOwQfUEk22Fz2wWUTCGd55RZPVrSz1EclVKl1plB1N6+g9TjGPiBxnmefyLlkkZo6GF9QhLBjJ5FiNreQucccI58Mwqc/zHOaormbxGojnY9lDEqo7W6D3wBzQrPmk7QSRtCmhE0G4K+n63wGqElJ9AitIjCqp3Yaj6DHEScyPc9TiOd+bVMRupay+g6DEod1lKw3e1xbTg1oKWjUYKtuI+DeY8wXMKeoVZYiSOaqxkXHk38QPaywqGMglggW9wvW49MCMqznMMtb5iiqDA5YeHqWt02It5/fHc1VWV2lUch5mPMtuTc+nTfEXDZGUbZdTXQ1EVRGYFt41M24B89je/pipmGYRVlbJUF5byG7aFAPTffYn7D69cWMvpOU/KrKdAbtplkNlNjYi/b64H1VGcsZo6iKKUvujo9tOGUEgqKJqyYU6CN5p3AABKkb/S/TFUVsLtoWORUtYDVvb1xfX5fV8nVM5RhdFp1ErKbnw3O/1sevbFKvoI6ISMWG7eAagzjboWG2DxQ3FGm/BHPqf/GarIZmcNUgz07lr6nVQGHTbwi4/wCk+eNhzCn0Mpjtcjv3x5n+HFUuW8b5LXTyKkQqQjn90OCvn649S1cYYByDttgtV0VXVISOMcriqqOCsMvyojktUTLcEx2N7269LfXH7IHWSg5iKwUyFYwzX/DAGj7AgYZeIaOObh+tgKK4liKhSdie2AGRCOPK6VIdohCOXe21xe30xLjU7Or2LE7MlQxj2tsCMJvEnw+yXPs0avmeopJnUCRabSFdh+1uOvT7ed8OJF2O59u+B1RneTxSmObMqcSLswLjY4r12zrSM+zMx5lwlkdcs7SQrrFUHk1GJmuFLd+3/nAuiq6rKp5ab8skclnXrqI7/wB9sUshq4Fyx6By6nXzF8ZAZbbi364ITc56RDNG8ioVWCUML6SAFHsAoH09MZpL2Ms2+RfzTihzlVTqpmM4j0qsYupJ73xm/wA9JI41AD0vbDg8j0siNTyjWBqHe3Ygg+oP3xZpMvpeIhUfMwpBUwjXrjWwcb2FvfFoJUPHLS2LlNRNUK7RtpjS+ptN/wCHX2xZmoVgbl00ElRIgOs6TqQjre22DEsFJBU0Rpcxm+agYn5flEAuLnc2ufLF/NMvoDWCKItS10hL/gy3Vl/vzwk58WLaYkvJOqlRZQT1UWOPiyuz2aNJD0JdbnDVmOSJNEslJGiOoAkA6Of64DJSCN3XSVZBexGJeWgOR3QRTyU0kCWhgYatJGoM3187DAfPHrNNPFUTvJBTgxxRkWEQO9hhvpkXkIj3sP8AfA7NaOOeZlcajfBhnaewQy0xPoayShq4qiIKWRgdLbqw7gjyOCUlRE/zs1MjLAfFGrG5UHtf0/lirmWXNSyakW8f8MVI20xSRsLarWONiaktGnUtkd7nbbF6hpy6NKJCCGAVVBux7/S2JclySrzVpHgASCEXlnf8if1Pph8yvJ6PJKBqipkSS4tzHXwr12Fu+C2dOVIWsryaqrJgRAVhXxPJMCqrba17bm56C+CwyTM6N0kappUp42uTzdFh5are+C8We0FXITHIy6SSdan8gXUT12H5hv0tfC3WvPmUX+I1ckklOHKol7BepCr5DYAkYBns5zKuo5uU1GksdRoAflv4Qf3tV9zgYZ55oRR84JCraiGt4bDri0KV44xI6Npfow6Y4qaGSFyQLoyKxZiFtfzv6g/bHBTCmW1NJlOTmajhWbMdRElQ9yov0VB19/XALNYmjnihljMUiqrT6gdSs25DA9x5emGPgn5ChzeStzJaiSCjBaFFgLK0nYt5db74W81rmzHMp6qQapamQyMe5JwB0y5TLl706QR1BWf5gsupd2vp02+xP1x6uhbk0cQlOplRQ3qbY8iUQM2YRTImlUmQkLuAQRj1ZNXaUug06h+b+mAysCPPK+jipJFqGRVKmxLaTe2M8i4pjonqIAl4KaMlpCN2JJIUfTywzZ61NPRsaiNQE31DYjGR5otVR55VQ1jctLh4ZEYHYnwnt1A+hxnm2ugTtDBmXEWd5lHJTUkHyIcXvIdLle1ielx/tfChLl1XzCIo2Kj13+uJpZolvyqmqlkPV236+vXpbFFqnSTaVge/jI3wrtmdtsF6jAKKUSGMrKDqva2Gqg4hjiiiE0aV1LCLLS1F2WLfpG3UD9PTG1ZXwtkGVIBR5NRxkCwJhEkhHq7Xb9cfMx4cyfMbtVZLRv8A63gRW+jAA4vKN0VljbMUzmry6ugNVl6lJeYpeM/mXa1vbA3KcyNBmUc24AYa0B/OL7jGmZh8OMi5rGEVkDn8umo1Af8AyBv98Z3xNkdNk+bLSUFaaqZkaQo9tWx2G38PQYCbRN42VMznjfM5WgZtLOSjdwOxwy8Pt88omqiByRYuxP16nphbooDUShmZbyEJqc2Cj19MH5aWlE8dJllW05iUh57ctXPcIB1HqevrhMsOXsiTD5+QilCGQF2F1DeXY47q8hTNIUeBbStsrgbE+RwIrqnL5oaaGenleVFsX22Pl7YIZSTR1EkNE/hDBiG8J2AsV9N+uMqavZy3oAS0slFK9PNrWWN7MrC2kb4q1ZBqUe3MLAWLdDva4w555DmGZ0hkrvlef+VKyIi9rgWkAPiHr1GEyqWSjm5da0QZAFI1bHyt+uC0r0Bxpn6KhWokLMNSX/sAY6raOGqjMcsF1UWAKgEY6gLs2o3O+ygWGJqooNJPNjPcb2wOTj0zraegpS5nlpy9KGWi+UhSPlqKdbqb/ted79zifhXI6DOs9jpp3qpHjiZ0MsgF+ljpHfcde1u2F+ZQ8JaNmbbDV8HgZ+JZ3maWX5WkIhJJKx3YC3oLXsPUnucWxZm9SLwk5P2R1mk2XcJVckXyVPRVke7TBNbyr9CDY99vMYAU1ZRZpl7UlTnks8Ct4YShXlgjoD1t73xpvxN4OXinLlmptK5jSg8ok7Sr3Rv4g9j7nC9wxwvleV5axq8u1VshGtqghibeQNwtrnGpFWiGGHIKfLno6bJYlWUWaUXZ2tv+Ygn6dMAv+GaaB+bDVlLNezpfp22AsNh0thjoMuyzITPD82uqZ9WmSQXA7ADEnMgm8ME9O4J0+CQfXbzwx1J9gTMYVq8salqKgU9MF8Yp2KKepN1vv173xnWUz5LBmrJU0lXmMBYCFEULrPqMaNXCSTNY8vmjZQWBNjcFOtzt12xHX5HllFWQVmXUvydUZAhqIVGlQfNTsL9LgX3w0YtnJpEtBUyTVlFSx8OPSQvKiFnZAEUnqQOuNJmbUwtYEnbGaVWdU1HVrBWtLSVaMCiz/kbyKt0sfvjRI5RKkUqj86gi/qNjjmhk6A/EclmhpI2tJLuz2vYf+cIXFMvOz6naN5YedEYtBGox8o2Y/UN+hw2183N+azWoeOKnj8Ks7WGgHqDjJ+JMymz/ADxHyNZXjguUkVSupm/M29rA+vriTin2JthFGhFM8MiCRVYvcDxD/bFds7kjCxtBDOEFg0kQYqPK/lieiyyqZddVIkZtZ+Ub7HqL4uLl+WILNThj3JJN8ZZZox0QtI9HMSEuqge5wDz3M8vyeAz5nVBFJsCTu3oB1OE/NPiDXVd4cqghivcGTnrIyf8AUei/ZsJseYUk9Sz5/XVGaSoupNBYKrn9m5W7L9gTfFuZeWRIl4j4xzHN55YcuCUmXR3XSW0vKf8AU1xa/ZR9ScKtTwzS5a61eZ5g6TltYpohqfrtdj07effF1Ip6OrNTURRieS0kKMBdQTsxTt6D08sVa95JJNchaaaRrtq3JAPU/wC2Bzp0R8jI6whHiaB1CyIHYCJbE97ddvc3xJBVVcpNPznvLsFjCgtf6b44mCGFiQiEvcKhJ033tv5Y6SzSIR4GU+FhsPe/bAbJ2WqnMc3paJsskMJVm1pUGHx3A6aj+othrmqVDw8skQCNRzG2Zr7sSLHC7PJW1yilrFWXbwOE3Yf/AKwUXlNHAoBjsijSR0sLfyxHMkBs5XKMwzG65NlkgjDm8quXJJ7m9lX6DBCb4b8QVlKy5hJAFboHkDMnlYgYoTtVFwaKsmg0G/4chX9MO/A3F4leDJc6cc+W60tQzf556lW/1W79+nW10xcbori4vTMbzfKuIOF6nkzpLGF8QZCXicefl9MfZuK1noNEVLoqrWLB7qPUd/pj0pWZelw8QUi+6OAR+uF3ifhPKuIsvmpKqlihmUXjqEjAkiPmP5g42KMX2i/jX083SZhW6R/6qbV+1d8b/wDBSlaDgda2cs9RXSPIXfroU6FHt4Sf/ccZDxrwRmfC0jGVo6qk/YqItv8A5Jclf1HrjaPhTUmbgTJG1agImj2Hk7DFUlQ0Uh0ZrhFHfpbuP7OFH4g0dQ2TvV0M0kcsBvKI9tcZ2O/Xbrt2vhkjl0lB5Lb9T/K2P1QqyIyOAyuCpU9Ld8KMYLmSrlOUz5hNvUSDlwatyXbv62wqrDNBT6KmbSHtJExN7NuevXDTx/kWbniOSFbPSQIGpAh6La97dzfrhUnk5iRwOv4ii3kb9MB6JyGDhnimSmd4sxqJJERQ0bP45I/9IPdT5dsH8u4ry/NoGo80PKd99USkWF+/7pG3mMZ/DlUwjaSTwve6kHcYqw1LFwwblzxnYja/qMUjNrYtfTSuIpKiqiajqqeKsp44w/MVAW03sGVvPfcWtscOVLWStw/RRU5vUzQpCjNtpJFi30GMYiz7nRmCVuTUO6BW2ELXPiLDqu1um3mMPObZ+lIEyzLRzLRCMTL+Ui3i0kHvvv2GOyZFFWK3x2y9nmcZdX0K5fBTpPSQkqOYLLJba59O4P1wuUiR0tMlPDHpAB8IPe/9745PhhMhs1hsq9ALYkjuiASteWTxH0x5mXJKb/hNzbPgLXIkawtuPLFSuq7TAKLgKO9sfnmOhz274qVMkTOpXV+UXtjoYhA/lNRlYoJHyijSvKDVK4UeE+ine3sMWJpa+ipYp8ypocup5ELhiFD3Paw3v3t137YSqXIJIEWs+VrgV3X8RF+ljvg5DeMQAUyGyeEOwvGT2sO+w6Y0ycI9MtKK+M+vO89RJPLG2qfeNALtoAFtQH5Rb64jrDR5bScyrcvUVID8uP8ANGg3sQOlzbY22wQiqK/8QUryRSzf5ksaBTb38vbAao4cmn5rSVdQ5Y+I2UhsCEodsRKP1laKqoqqmK0syLMHBWNyAx67i/Uk22F8fVlGqJJXjgD+BmdwLYrS8KPqCxSs3kCt/oLYCV0CU0yiGaKRLbvGht7HFVGEuh/HGXTHhoZIW16ymhxYrcBfX6jFqPOKWaQQLVxS1K3I07lhfr5X+u+M3FFMxAEZ8umCuS5TUy5jEKfW8iEN+ChYj6e2OlgTXZzxxX0fjKEhL/Uj0GFXN6ip+eirDeMQteIx7mMjcEfxw3rkWYySGklIo1hGpua6liTc/lBJJ26G2DNNknD0kD0vy8ss5iEhqKhCNQPcdv0xPHh4u2TiqY88F8RxcU5DFVKyrVxAJUx90kA3+h64MvEWYJICHXYMvcfzxj/CyQcNZu1Vl04lh3WrEcocSILkCw6EdsbBFV01VTQ1cEiSQyoGSQDqCLgjD2rNcZWBs5yyGrUCthRyQVR7bWI/vbCv8NLZXPX8OyMsZEpnpVLbA28aD7agPU+WH/mRyK6M6BD1VjcWxnvH/Cr1MozHLKhjKkwmvBLpdXVSv2x3NpharY4Ge006sfyuev6YnhnVkAc4T8iqauoyqmesmMszIObJqF2bzJweppNNiQSBgwnYQNx5QSmOnr0A0RHS7WuQD06euErM46eWkaWpEIiUaudItiPrjXiIp4WjmUPE4Ksh6EHqMYFxhSVtHxJUZfmdQ88UJD0q9EKHo1vPqPcHFW0lsnLWwNmucI+tcuuI32Dt1I9B2Hvhf1Ms6MDv3OGuDJop3SJEjeWUm2trb4hqeHAW1Rq8bxH8eJug9sJHJERZIlXKaONy1dOPCg/DU/tG/XBmOpVgZ1NiP2bdh1xUlpq1EUQwOyW0gqPCR/S+18UZnmpZTDOjRyKbOjbEbYzzuZN+waqqiOyNG3gY3/6bY7NYreNmGr1PTC5NI1gLtbsMRtUEswBNsBYwKIXqK4MzBejEHbETRO51B+vYN0wPhmBIFreZxcNWVACdLYLTOaNFQpURq0gYxnsf44/NEKRFlRbxspa6qBtjiKtSOmg5ShnBW6kfsnbFyGokR3pYYTUl7aVUhbAeZ8sSjBVbJgSXMFCuoBme4CKve+PqyExqF1l9wYFOottf7f0xbkyqaOeactSpKzEsIJQ2jzNhi5S08dJRZi8VRFIhiBE4sJXN77dgNt/bvjlHkwcbFzPpqijyNRRI8c9XdLK2lkjI3sPI77jzwnUtqWZZRHGzowIUbgEdjgzU1skuYS1xIeobwqXXXyk7Koa4A/3xBUzzVwU1janUFQwXcjysMbIriqLJpKinl9PUVk0dNSoWdiBp3IHr541ThXIqrKioip0ihVgJKqWfkyNvuygjYeQ9sZk1RVGnEC1DxRJusaeEfXTa/ud8VmzGuiXltUM8X7r+IEe53/XDo432bPOBsgmdtUclVfWzRKZGJ33Ntr7nCxmfxJoIa+SfJcs5qVaBJlqFVQxGwNx4vK973tjKFzcRuLU0dwb6oyUOCUWY0lRNFJI7JIdhzV8J+o2wJSlQzci9mWaV000mkrTlUGkKurby8Vx9hhq4J48WipBluYoyRKx5Mii4UHt7XvhWqohUqNgrHo6m4YYiip4442inF1bv5Yz8kJGbi7Neknqc6poarJMzRYZAbPZSrfpcEYDRZtmE80uWTpU1CywCGJ3hKMZGuSewCj26AeeEDhnM6nh3N4ZKaaT5AzAVETEhWjJsSR0uBvcb7dcb89KObzAFZbeBrdAfLyvhZK9o0x99oV6SliylqfL7ho2jHKJG4IFrD02wUihOj8JyCN9J6fTAPO3qRnLRpFcQoGjcLaxvcA+99z6YYKJxPTQzjbUL28vTDYxkzuF9HiI3PW+Ef4r5YlRl9Lm8aDm0j8uUHvGx6fe2Hx11Wta+BlYJZ6WsjCq7uhtG3RiBsPrb9cXe0CStGL08iTQsIxZ18W5sQRg9VtT1eWR5jLDrlMYW9+rXt/E4DZnmuSVMDTUVNU01YXJcsykL6AKOnvbFrh8tXZXJSPMto5RJc/u9T+oP3xBoyNUTlZ6mgoNE8kbREoFS4uQfMdOmDU8GXV0piznL3q4iLKysElj9mt+h2xzSQJBCCqgKv5AB1J9PPHUyzNMiLdpZNvYf0wIx3ZydAXPeDcuqaCefheWrFRTIZXoajxM6DqUYdSPLGfKOYFCsCAbC3QY9BcLUMGX/ADeY1cgURJtMxKqg7/8AnFH5qlzaWpzN8kyupomkEcM1XRLzJQx66iLlfTfri10tllVbMQikMdxp+/bEiSjT1GNP4j4LyeXMHq0MVBQzSaEMYCLFYWPhtvc9LAe+FHOOCqmjqUWjraSrp5IxJFLzNJKkkC4PtgaYGglkdHU1ksif5KwQ3kZ97Wva1utzhiymgENF8xU1brzWGhIxcmxO7XGwHa364HcIZDJlOUPUTTyu6TqKlIWupTrYX623xc4qzNMplWjgYVOaTRiTQUPLgjPQHfr7C3njNwbnUdoTx7Prw0wrJlMbCMIWkqL6Qx/dBNrXvuLHC5xDXRSKKDKgEpYgOdKT4qh+pJ9ATYD/AGtDPUVEwjlrp9dQBp1M/gTb8qjz82+g8zUeWNzCo0oCbPa5t+n88aIQ4iPXRzBDJIuyqtxddW2rsLfXED0k4lI6Eb2vf+GLeYUjQTBZKpJb9FR76V6i/Ye2IkkkWNooiETyUWviyAivPEsNygbmrs+r8txscVZY4wNfc9j0+2LQ1WZBtiFol/aW5/hgjWDpFsxfwnsQO2OkAMB0rqVT4gf2QehH1xPNThHYAAg7+vtiJVRXU+FyDfTY2HucAomG6qefKKOmpkaLmyjnFFUkID+9fdvboPXA5s4rlYljHMvk0YAH2tivUVMsjs8j7ne/bEYaneGQyu4l/wCWP2frjuKYey7Jm0csTJNTkSEW8Mvh9e18egfhVxDFxJwlBzXDVlFanqL9SR+VvYrY+9/LHmqWUzxraNUC/tAfmw1fCjir/hfilfmmtQVoEM/ku/hb6H+OA4RrRSCSZvmdZKjZkuZl35bwtHPFq2YgeEgfT9Bhe4KzuDM1qKWHUroeYIn8jsSPS/8APDtnlQlNlE1UX/DiRpCw32CnyxhuXZm+ScS09ZFH4AAs6NdS37xt27m1ziH4s7JLizX5EOnwm1vrinJcSlreuCo0TQrNEdUcgDKw7g7jFGqXT1GLFDA+IMoo6XNsxXmSs4q5AiJZQq6zt0PbFOmlkpWY094w62ezXOx23wZ4uBHFeaoDtzr/AHUH+eA5XVIFLWBO5xCcm3Rkk2Wo89zaIFUrJbH1vbF2i4mzmGUMlWqt5mFDb7g4DG3iX6d74lSmmA1KCw03AAuT5D3wF0IOkfHPEXLZZpqOqjOzLPSr4h/7bYp1nFdRXZpFU1WWwsIrcqHmOFS3fY2/7bed8BKGjzOpRnpqSeRUOliBYX9zj5mtNX5WsUmYwfLiYHll3DardemG29D+zGql4phaueZ8tleskIsYpC67dtOwt9MEf+KJ52ZhNBHY2KzBUI+hHTGUz5zyJCacPzALarlAPbv/AAwPfNZ5LF1ViB+Y9TvfDxxNlIxkbhliQQtHRJNvWxiRASLA33BPTy++OOOshjzvL4pJkjo6+nhJpqiJtWsLsVNu2AlLPR5tkRTLHeWWBS1pPC4itcj7A7+eC2SZxryZ5S6pTpTvzA35Q4X83uRpJ98Tg2pUxYtxdGVR5pMzilkk5kMe5Zr31dCcFstpKjMVD0dOZdUoijBNizbdCdu+FmiUyKXckK7+MAduvXGo8H5nS8L8JTVtWsbU8kjmlQbyzS6VBC+gtue2Nign2GcU3SFqsy+WjljSsjelmcXImGkH2Pf6Yqjw30i4wG4hlzPM6+TMa9ZC0p69VQHoq+mBHOnSxEsgv/qOF4/pg8P9G1VOq9jp7m2Kk2ZUcKuhfU3+kX/XAOGWeqkjhedwrG174YIuCayqozUUkyPIFuYWXSW9AcGhlhX1giTNzrHLhWw7sdzjiKY5hUpCYYtTH8w++BzqysysCCpsQe2HbIcnXKKOPMa+FpKipEkcEQ6L4Cd/fphn0UpRQvx0gqVb5R3a19h/viq1PLzCslzbrcWwdrYKmHKElWMRxICy2tsL29zc9MDZalXiQgMJO/iuDiSbEtkEp8KovQdsQ6AL6hcn7Y7vc3J3vgrkGQV3EVVJT5fyQ8aazzpNIIB7bHDICezbvhdnL8VfD2pyqSf/APoUkTUrsSCxUqeW+/pt7qcZ9V0M1PDAcwiSCVr/AIZIY7CxuQfPbBf4bcOZ7wlxF89UzwCnZCk0MTF+cp+1iDYj6+eP3F9ZT5jnFSaGJoo2kOkOALuLX9r2OI5lWwZqpMevhnmhzLh75aW5mo25dh1KdV/pg7Wwhh1vjNvhjWTUWfGGU6IqlShDNuW7W/h9RjU6uICPUPOw9fLBg7RTE+UTztxzXwUfFGZxGN5JzNdrGwHhFvfbCwc1qVcSQoi6TcAi9j9cG+OI2qeK86qIizj5p1BQXtpOn+WFvlzM28b9PI4dRihaiStX5jVSiSedmJO52H8MMNHlM+c5nMRGeSsepp+qQrbZj5m/RerYpcPZP87VD5jnJTp/mlRbTa21z3N8aXLHDQ5YmXZfTtTwR+NlG2o27+eDxsDaLWX0kS5NDDRRcuK5EYPV97Xb1PXFT4k5cajhUyqt2opVcH0/Kf03wQ5LVNBQUDySDWrOzIN1QX6Ytcbxs/CGbKqNf5fZe/UY5pDLo8+Vjfi7dbb4r6jg0cnerlcxyAMADpKk/wAMFcu4JeohZ6mp0MGsOUuoEWH++GU4/sdNUWuGcwn4cMlZGqTwzpyGBbuBew8tifscfpeJqU0VTR0lM6mtKxtG9iAvTa3uB9MDaeuHINKzqsM4Vm22BGKmaZc1GIKulmeRZPErW/Kw6bjEkk3skv6XpqZsrkq6GujkhdJkIUr0U7EjsbjpiHMcwlzWrdYVYU0EXJpYx/y0HS3qdyfXBvjWol4iXJqyhXVVTUYiqY9lKyKw2N7fvG18DqbKZoXsKeaCRV1O3MA0i9rE3xWTpaC9bBESVVfUJE2yIRcewx9zrLpKSKmZlK6lIIPVfK/qcG6ajNPLc1C0qruZZBt6gbEb4hzmsnzOOreoljcQkBHjXQHC+G9h5/3bpgJnKQswCTnxCNbuXXSvmb7Y2jKrwaTEo1gDUpO5OMfo46iSqUUMbzTKwZFRSxBB2O2Nfp43MccsyNFKyK0iE7qxAuPodsMx7EX4mZKKTMI81pY7UtaPGf3Ze49Ljf74N19ZSVuR0D0zIZzCqyOQOhNhva9wQRbDVJHS19DLS5hG0kEgs1zcf2Ot8Z5WZGmR1EkK1IliJMkLEEal/qLYEnoWb9QHxK0S1EdNFq/CS7uQLO3mPTBfgrhGr4hjmrJpkp8tpj+LPKSAe5AP88GazhuU5VSTZzRzx0Ejq6VcYBkUGxP0Iv8AWxxfrM/iqhFlFOiZdlcDBFp1j1oUvsWJuHBG/wDG5wHJJAU04gMy5TCZlo8qhRLFOfJIZCfIre2+C/Dnz+VlJaOlaWWdNUUisLaAw5g7g9QPrhXzEwrW1ESFNMbbCIHQ297gfs9enY3x1T1MVEx5PMWY/lKTsNNx5Ymr7Jbsckz2v4kzgUdFO9Essuh4VAvGgU3bVbrcG49vXAZqmBMwqcsjm1rBLohlLbuR1H3GFemzCpyuvFXTO4nU/wCYncHrfzxWy/5WStT5+pmhiL+KZRqZfX79cM48lsfhaHszytUQuGYSwlTEb7XHT9cbnT1sFVk8GYHwRSRrLYjddrke43+2MCeuy75z5WmrElYKFWUuCshta4awtjRcrz6X/hXMfmvEIKZ313tdj4SPrcH64nFcXR2N8W0ZkWnzHMHnKRLFJM5i1AE3diTe/e579MCquZjM8cjNrjuLNc39P07YuVVfTT1yzPFM9MADyzZSWHnbritmFVDVza4IuVr3a/Vj9Dbp+t8NSEsYPh1MZs8nSZGlYRGokZzdmVLWF+vUr+uGmqqJppXkWMiV97A7E9sI3BE6wcSopaxlgkjA8+jf/XD1CgCGd77khQPTv/friydIL6CnDNPorJSHfRFFpBLeZ6e2LvEiI3DmZq5spp2BOKvDLap6rSkrDQOt9PU4K8QRiXh7MAy7PA+xG3TbCsrHoyXh4vl0Z0t8wrH8Qxqb37fb088H4aySdS5kk62/FU3/AJ4C0ckoo2Fi8kaC0RJvbYdumL0f+KogFPRS6PPTa5xh3LZMTxk1E+XCdc1Anjten5JDNvub3thu+HnBCZvCamsllXL+dyzHDINZNtyx/ZXfsL4BNl0vMJNM8ClSUAYEfc9Rg3whUVeVZuSytEkgOqNQbMQDY7bXvjQ57ApME5tlkNFmklNGRy45mQVGkkaQdj69Pbf1OL2T8GZhmtXyjIQreLrqa3mbbL9cN0dBX5lUNJHl7SyPewYEKg+ow7ZLw9V0lLyzKsDybzSKbs59PQYpGKbAoNsCQ5FRZJlBoKzLqOrgcgaKizu3bz2xNTcFcP0aARZPTh38To+qQIT2Gon7YaYcmo6cazFzH6l5NzgVxLnmX5HQSVdbIY4FAuQN3Y/soO5OKOiyjQo8aZpQ8JZM80McKVcngpoY1C+L94+gwt/D+Wes4d5ryM0oqZEkc7s5Nnv/AN+Eri7MqzP83XM6m2moU/Lxj/lIDsvqe5Pck4ZPhjnlLFUz5I7aXnkEtOwAsX02K+9gLexxwbvQ5zwBkJk0vJsN7dPSwwM4k4fqMwyGSWngd6ilPMQIm7KTZl+2/uMN+V5T83UO9SAoUDlqdtX1w0pAY6cIoChdgOlsBq2c1qjBck4xzGkWGmlnbMMsIAkpZWH5bWsrH8pHUdsWsqqMvqppKcUop6OR7SKWBkQG+nST29cMfGXw6+ZlSp4Zp4qeWR9E0JfQlj+3/UDCvnfDmccKfK1kjxSrq0iSBWYRm3RgRsCMJJSS2Z2pJn7iOagpUkoomhqad35oanNnjNuhJv38tvQYVK/MGlnWZ4keo02s8YXSO3Qb7f32x9zeoilrHq4kEAm8UiKbqH7lfQ9fcn0xWeRHHi1sbX1dyf7t9sco/R0D5pZTtI5viuV07bkdxixIo13IJv647gjEuqyi6qWIJ6Ad8ONdEcSgiwYAN1Fr4astz0QcJ5pQ1T/juqxw92kUnz/028sLE0XKnKxNdSfDYXvtizBA19UjXN+mA2jm6LDMBTqCouO4OIOavKA/dNsTSmz6gqm3TEM0buyyAowOwC7MPcHC0TSCPDBd+IKLlC8hYhfscanNrGoJGdK9B6e+Mp4aoxNV1EpmdDRoJ5QqEtytQVtNiDfcd+hNr40GDiTLKiQ8nMYWSwuJVZOvqwH2wboMlRonDFFEuWCRaiMyOdUiIdVj2BPpit8Q5vl8hkhSRObVsqIw20J1J+g/ji5wcKH/AAT5mExSLLvLIX2B6AX8sZvxlngz/OpzBJbLoLxK/wC+AbEr6X++3lhMkvUsnUSlQ3eoSKlACPpBNvE6oLk+l9/ff2DWo1oro5UEdDfCMvEUGT15zEUi1NgyRwCTTa+1ybH+zjiT4g5w7ExU2WUyDYI5dj73GJY8bas6DX02ityCPOcupo62nFIkTLJDCoBaNvJrXH0398Uco4GpcorpauGeomkdb/jEbfYe+HRUCWsAW6Xx+Cje5vY9cP472yuiGlieMC/iHYdxifWgudQFuobtiPnKqksQAOpJsBhbzjimmhYx0hNU4NgqDwg/9XTFVJIAcrq2CnppZ6mQQ00a6pJG6Wx5z4q4kHFHFM/+JxPFlYJhp1J3g7K5+u59PbD5nVZmWbSaKxtESAyJCh2uOt/M2wk57w9HUu9ZDqUWUyqp63wvkt7Fl0KrmprYqSjpYGNTTq6Na1hdvPoLYL0PCfyfIrZcyU1CsrGOAMpjPX8xG/bpg1l3y+WRPHTFA/5JBIoJB7m/f3x0Yo44JVmYcxXXQ4N1fpf9N8JLK3+JmeWuhqy3j6ty+nFPUQQVgGwcgq317YIxfEsBQJMo8XQlZ+3sRvhDuGit0Ix0FE1/3lxNZZx7J+WQ1T/EPM55uVQZTSSOzW/FmdfrthZ4h4+4vons1LQQ07eHUkXMRj5XP8xipG8tFUpURhWKdVPcWsf0xIswen5EjnT1GsagT64K/wCia76Gjlf0V6/iA5rDKa2hpoZmA0SUqCMXHS6/pfAuKUK48RuL20i+G9uH6WtTUzR0st9BA3uf3ivkfMYBVeS11GoflQVEZv8A5DamUb9uvY9L9MVhkjLoopKRRI0s1wBfrfEsMaTSIOhDA9unfHxZKYozM9mW91Ym/wBsUFYNMH32NwvliidhUQzUxRU1RIsZDMWJUD9gdsRKGtfSAPXFdJA5HNfc98WlQzuI18A7L3wgjIQjVE6wxuAzG1ybAe5wQp8hmmnlEbKI6ePmVEzAhY1G9zfoR0tiBmo6KRNUliCGkFt9j0/TFrifO4s3emo8qQR06oPmJALGd9RIv5gA7evsLNTY8Y2MPw2oBWUGfztC3zTKI1eRSNiLhR5brv8ATCu4MdTLChBa9gOxXyP6YbvhjXNT0VVSRRp8wk4kYMbakNhf1tY/pgdxTliU2cVaRssjTOJadF/NY/03H2xObDPaspUdXXUdPUUyTvDTOfxIgw0uw7keYwPqKioMWsEqL+HzwWyN8kqXaOozCVnW4EaQli58x6euI6mOHk1HLFwCBHcj6dMLCMr2CqWxZYktqa+o9bnrjsaew/XHydFiYhbkgkEnvj7GFZbk4tQD/9k=";Grimpante;Modéré;Moyenne;Rapide;Occasionnel;Facile;Feuillage décoratif;Oui;Grimpante
Calathea orbifolia;Moyen;Moyen;18-26°C;Élevée;Non;Tropicale;Grandes feuilles arrondies rayées, tropicale;"data:image/webp;base64,UklGRsQZAABXRUJQVlA4ILgZAACwsgCdASo4ATgBPwV4s1MrpyS4KDS7kwAgiWVuRXswAoa53Fvs6l80/yPBX9D/Tf+frxYO/ou7L/PM+PdP+3Z3MPdhytYB5z/47/I0pAJ5nXAu9nm/hDFYp+iOtzOAD9lJQuFdb7pjCSisYY1JIC5QrWxbMxbn9ymwUnt03nGogTKidCTJB/k3Jlpo8+WvT/bKD8+sd+Slhtb9NFIJUOoUXkPb0Se5Bto/QmIk+f4f5e5ReQIB26iD36C31hDtcvIz0TUOyopSMjZ95+VZwvnfSeCgLzuMzr5CyLEAJFZ4qZKxnFUW/0sYe4gicXl96mZeZSf0TXD2p9LFyMkRqz3f2jhSLT7t0HmgE2zLwyxPfXMO/VBYVbObUI1BNOV/oJCkVT7O7hVuYMpXUW/6xehBCqFFVRzSbUkJmGeTSadYe3uiLxcn9+/2coSwhSPoV6sHtIe9gJWdb9PJmglgfcLgnulA6YTJe5qvSB5yssZe3j3jppf7Cw8OTEZLPEZ01GbkrhP/tYBf3uInPDB87Vt7scnIWCDMGd7GvsWqYgYCki3t75mtFlYbZ1pZ+gP919gYDtmK/hPrrIXzERLVRJwONrcdns6TrkkzEfcy92Db6mtsIMVuMDrAWlpw5luAmH7L8NBnKsobFr+uuqQR6xHbcqc6ubHkHZKFoxNl5rfyKUBh43wpwl5dEMFPIeKavKIcpnoH5QK1+irjItDz2GEs56Y+fcPX4eamgVzO2AzNxFfdhJTJg3BroPhC4fY4P09lf99OU1DxIF5PcH/0/Hp5ityLk9zTD4wfVupA2dLHgFdDi09oa+1FbYJ0Ph8dnw51qHyF/eU7d2uax+2+HIRCOrNl7ShtyARh5xH0iOkDsBMIVhHIEhz1+Gnz6Weku+Gyq9zGM3Eb8bNdAcd8ouMllR7exAOSiAGYzCIXY8K8mCHd0+SvXyEFtQFPWirsRoqsdR32UGQdXdhO+sun9MmfOITVXzmUyBZXhHvSHBlx58rKuy5JjHVfSIc4iUfl0KAP9lDxJNddsLPYWWCi6O0UC16xhCRnv1fKlorPZZUl/DbvP/PEFIWh8UAgVX4PeRzTbWOBYxS2Jm5KBixk9XhfudGwImm9mBgOhV/R6Tsrj5Z/1X24z0R1NFr25REtFu92zj8PUj3UmgxmhRDAzDGhsEmPevZ0H7xWY0smsofYrmDWRsYiFCcxBPG08R+D/7HDRfQAH/SPnU+0q9UMDNJAmApC3W5aZLiAUAT959gR7mwdQT3jDOL40277d+M609d5WE4W/tzb3sTQMSgCfDQdmeowV2lEhTpqMIsnEQ8EFyDAbaoWr+MUnFgahqG4X6FGIhStHAUBRH2OqTBlN3YHV+F3ovWj9IWWaPFSL2uxqvrg0ap40W3+ctM9Wz7Nj0p1HfC3H8IJhoJHGrCj5e2QpopKUO73+4d2ugKC+zhjwQVH0b3lb9fpdTWR5z/e52ermEYSU/mXAOCQScaIk0Bzvr9MaC/SG6JPjXU7E0u3lcWpS1Oheor5+foHQz8xQiz11KdRwBnE97TApxBcotWSGEJ4uDkQBTvzcTXZSdJKT5fbQuLW3PNEMMDzM3ENYGrkIhJaM9DGEJcP2TvrSQndK4OKMUk6Gf0fQQeXnEy++b40WQjkwtp2gPSJv0v+q6tI1pL/9W9Hj+DUjYj0esyJPiK7fT3pN55FOM/tXee0/4uK4LZnrEW8Gg7r9UHIAgUT+k0if2pUTKUB3LYNKIFNESiE9gE182OpEe6M3Oct56fnE0r5gFl/qlEXif1xm2p6e5QmJxld4XpDmW6IrWrp43FKKmcLu1QWqy14QL+2tgwQr+5+2t1lWjBqPCePigdnbaW2oumvbUcfFsuq8INBBluVBm57vCAUmYm6Ms/EbYWRJpB3u/ZbP/ZU4MAAAP66nwouE2/FlXqHd4ZW3dhecSi19B0YQoEuFJjTeUPWjP6WRDMsY6bSYsLtBkckBO2Fgpj0/gcKU3ooyi4FpeXzU9zerUMr9RViTZr+ujpb/5L4FFUCt4kIt4Ps3VHf71mP6A7+ps0j/UBL5R4+FzfsDT1DVum+WH9BQbe6pp+pXTVZ2HKM6FW+Dvf6ve7fkxJGOq4PFoqSmFvTs0xMwl0m0mzi580HWnUCOfWqRrzAgIuTDCGEtBjkdFIOhN5iT0A4NYnnwxMmxCBylJCMTwYt/zJ09U/bXCFtYf5gqgwucXH+dFxlbCgnCgV6kCfCaiy9r/qZZZRVAf2yBiK4ZrTFUaQskiEhbPtit8N03HzpIyuV13GxXMtTpmN41147Mmhbd/czg1y6n6jjt9I0DgW+GIYXaXuGcSfjo6MZWSCdRjCvkrwFaYzKg5USKqXBx3u0/pQAik3vRvrGG21w5lqi8NCByXGpQpxA6CZLwsQo4Q0lSCNlLMWhD/7sjA/8fWfDZ/F9Hhh2XHbC8UQOT00/Co17jFSOMA6PWWXUQQkqjJ/QMCabiYs+n+9nBPgg42qGHyZ8YOJQvskDk0kXOz2Z5AXMFmDrrSnn8TfGUu0FCP77YQ28B5ZuXZsdwRlaj2lCp0UPndH8VslEsP+/yidS5NfNfrCK5s/kU/Vw15Qu1eLoNsi5VTjBbrlnYzCoTTX3TV8/DZ2RsgDjtdNMOLBGmKpuCbbJhit7FJvWdFRIdTpqAIUPm+LmjzG9yLoPbEJNNCaLyDHaQgl2gungFFPICn4vYZPRTaLqlKTmXqFGoI635F4UOuNZL9kX/RewdCyI8JD2sZKrnkjAPOemQH2EIoFU1EkHGnVYkGWRmdCakcoHVughfBzrGsNjLrDcASs9CA9ZyGCXOtOR03nQigWWPDKabzFKOlXh28wbwXmC/UbXAv4ZioOUn+d2evsVClUMoRhk2ZHBcp38LLo8cLHY9gw8I1eCoDdgMv4kn8M30z1XX4DYPJlblgUI8eaRk8eMW7MjQ8cUo+y8A+dKdqM7JBcXeofxqNtsEQc0w4F9sUpONEJSNpyWCTHDJ+l7vc3xB7h8ZJSVdvPKfGM1QBygffJM86t518WiPT1y7NexBW8oMoPxO1lQ5xL6CxlxrXPiXh1E4vCQFNALiAkS5E24zQpEWWHgTrSGAdkO+hAQhrhP2Szw2i/cUN423nBM3A2Fw0kJWDnNJokRt6f5gx45wxzdpYrhtUH45V3tqljbUdxzZ5BhW2ws+F1Vh6viQXaizO0d6EiGyXMx3DxOmlT/CHIgdtSzgKg8PA2Ey5evdWDsvUO23angzNocvZ/ig5yn2oGI/5KFpikF7Qg+DU2v8VuTXRj2hA+O1rN5sWaL6OZPLvcvDDxiefdksImiXrh4nbnCd+0w3hOm5Kkdb95zNyogKlLUtLKOzphYP8igSOwYOm21j8wGgyhLrgJqWfpjrAdD9CZKxFM9Wgc5VJlgG931PA/Tg+6i491iF3yBpyR4T3+t3J30M1kGb5HTJpSpkcvMPEKPUmul+vXuMKI8jKmGDxmFhrNZJjwmtCGs7dhf2li9lkDRu0g67LQ0b4DvVI1XNNbtceSyh/CaTRoF1bVkOJ3IRN/7tP+wioI+U98AJerb9cS4ftPSzz9oazV49c1cPGvTQ57EWyf7qg4kzs4347y/EKx0xVORrWg+vNdDDoezYCIj3GvkD5Dco+AVYdi2afiuLBi2kuwnTSCLNzyoBqZp6snwfOBar3SqZMsgbGHrVL3OuAWwujeb62m1hmcjBtweA6I4KveaNV1482IAY/bl17+VV0dXtIlhLzsUObtgyL6CRQpSeKAtdUv2F/V2f3cuhZ2sySmjlG+MkGJyCc0CQ4BAra/Fic0P/ZnVSjAQMBGpUXU7bXG2ivUnj5BfdTTRtB6i4Xko15DMSlwfYpspEAKOCcXRUlCEIBIbNoqce3HZvrLJRkhn2m7BTEviVd+5r/KRA6L/E5XWyWURjBUbTFij0XgZevSuSjbH5BWe8BmHaO462zFOYSkOgN2N+L42NV/DCAnoAY8CeDcfJ/Ld4FVf5PHYBZIZq1dB1fBannK5fb+IfH1vUiT6UO+g0/LyFtVOg63XLE0FAOQWsyq5eQoMYipuM0riSbDeGXe2FbrsUawl0IZh5VXRl9MPldnPulHtE2gTmJ6P0sS2mrjb3GbJrB60dxBnhVzLRvKmyvvwqVBg4ZACj8Yxu4ZlIbVo7RIEcmz9A19nUssGsdone+d5wI3QhY5IXtIH8BjXBQY+r+qtuowfo9OS9U+mrINCNo+xyVU1nP6Ypen3I3y+VtlSOpZaJ/bQOmLukZSgxTSq9dD8lT/BuP2o3tX6Ig1mb6IWlL3Y50CCqjeQoc9djtQjM2TMrC7CajOeFx6lQwsWgfal+qwbqrjQpCQWZ1RuVjLbnen6zvUCU2mRl+fqWC60yFcZN8c43zwaDqjxu3QU/RrNOMPJhwmuZ4PHbgKJaMgOaX1KjuH4ZoTFDffhOQoyWUYTXqnRCbBVucg5z5BGOK/u+4DiJ00uFCjXa+Nmg8/bCnvB9p4Wd979Om00Sgf0sCQ+OV9hU4Boq5jEq74mj4YMmmn1KzDBHe3C6lPparEWub+N9sdzxO8Q554dR3Oo1vpWhTVHV6ihKPISznrF7iCpZtU9cprpkH3xGQUa+pz7PQkQl0J9/uo+aSvtgzVQ90lxlI6MwU4LKor6ediLDSTI3Y7mcMHlgczE9XBGhfljaRuTUqAds5ckJwOk0+t8dUXVNW9s85nzUDSFyY/+GPnyBhB5P7QSjxsOe9ppoQGARuaychjOZ6clw+juyuUke+SM4V92BxL4bJC01Bb/CCaB84kCk/Qu2ggFE5FEUEKOg8ThgBjYe7BgFQ5g3h0CTzgJRvaPFLzXAUcrNwuebI5PDNMKHX6+7lEJ++MxH8StNw18K/UjW41ZbadD/J2k7jLE6YRHmPdWBZp7Ri5+DVtBBQ5kmINCqDutoBfAv+cngBZDAVahkM3h4fA3ckk/P+fARRlS96PcF4+BOdHuHopCKMNiZmaGGhU9OpZPWwML7P30wJMeSRILQL0DhR6N2QqBXMEJfyjKcwRdwfbjNStuRiudPGRQRCa4logbl3QasCFbmkv76FYLhwi5Rh7FZ6zKMn3xj2kZhi6QAgo5MDA3fjQA9R658eNC+C82hji3+tZ9ABkT3HB0Atg/Wz85KSf3bJa4Hg/JFuPX6vzMFZgkDZEqGUCSvyAtCsWwVTK2XYBJnwLed84ALa34niTO6mDfU0GGjqilRsAb022EiI4iwE4fm2eBYX0spaUCw0aUnBNy9lT+YgKFLKfGYTWc/W8W/gYyf6Czo7tli+jgt4rlpgqAR0cbUl1Dg0xzFkDGpPR2kUD3GYjroQcaOZHQhUTfnogxvx4jzRBkNRB796Hf5efxpppmv90JXYSx7W2BoYKzFgNZdA47xN7cDd473g7K0oRR5JqA6JFct38JT5RBl2Bjhlhvy+NFgz+YVXi3cNKJkGkgvaxV/J0mVRe6dIiKt4zKf5isF3n/7XCVRXkj/7OoYWr0fFOVFISixxkVT7c5K/zg6v9+j2Wy3r283wtWR2VeJm1fukUeh92Wq34YyZ+4twSjkuFj52c9/zmMK77VZaOINk0zvejIlHS0Fv2Y1ezaZuH7FRhG6Bn5u5tBPyI0Trah/EYJ9iecMnZwpKbtAE0t3Y+QYRgb2uXrcxVZ3d9r2NR45goHshGjYVC7oIaw7gG5T6FyrvnGP+ZwnDKYnRYc1CX4YBXp/jLlpYvhxkU09mUCOdkWOiHsFZYphyknnVGvD0DkYFP1PIJBAaSBmABp0qcN1li1iSKji9WbZqWKA7EpwD/OimumsTh9wcziBnA18LT6jO+0thNsbNJLC0vdL6CZPg4IDLSRWhpAya2pqvHjUR1+56zDrbTxHD3Diqq2lfWYoFbtf4+jrqcSuqZ9ZpOECZG0Xt8Z4s6/elPAEQG5Xy+uGB8ne2F5KAmGD3DpCnIwU1BY5N6FyUxDP8axfObFSRQ4gJMFZIUXlvr1c+v3Oz3JVSkSpjjm42UJd4hj+zYnolf7adyxaEQaqaSfxou4bvpwg90YgsLbjk2+i3KB7oO6lHeoudLzj1aSyIMyLfxHy4YIxgSQpVkIapXtMkDflPjlAFT0xiTq1Kzj4Q9C1gyZXf6hWeNn1KU7gjkL4mgHHBIMM7G/jPlQ5QXncOymkYMCdDvNZXbNupY5DZJY58ucH1I7nXtRzDWnnatxNjx9pznMQjM3cSTqC0EfIB1H7VFDj+H3QI6ZR2dOXBNx3rhUj+z1OhUeBxD1u+LLejVqT89clR3+2oR7WvKfSn0LMfTKLsF7k1XLCZEUadRTZh/Odyq1Ra0cW1P+z0arVkyzggXTDwpf8a4WugPy/kp4yBJRLYNCyiDMmbm9Y75SlbW1l7EmPMSw48u8ap19Y2JQHvZSrbdxsjvlS0Yxd3/8tZ26Sqy3YUIAGMdnK3DM+zUruJl3ZKShA8/aShHNRO7bClB/xuTfh6ZXHS6ohJ36A6jeARxxra0Z3upXMC6YAnFGCG+tjGIOyUNDy3JARyws2/FVP4x4hTQEqlII63zLmL1e0v6NxvX6NUznlR65ZNNq54PWFUss1WCjDWHNKbX3CdTYLOVVb8p9xAUhc2068Sv0glPR0ULsurduLRvq9kT7LVFJXzgpzMuqG2enkbkMdOLDpkOmCxnGnHYBCeyaax1qaZqrVLKRxIkNfX3q7/bWD6peRkoSKNDyBdFdOQTDHtFu2zo45sjlQypxyagKINUybf2GMJPomsix4pe/sGJPpWljKxShuz83//i0jkU/v7I9oBwgTdhwsRzBs4X/d77G5Ga9/M6LDj9BfMgyc8sXsnpLp4oZiEVJO6g8NHbECAT5UK0TII4zfEZwnWtEEePhIV7OB8pVzndEc9mrH4MuDjNATWfkSRj8zEKYo4S2Pg37mu6RRJp9Z8OaHk66sRN9+TAA+bZQqfhTEvePJALCAdvCTbBI3ebDnll10TaSEUWq53/vUXdxmU2MdcOAxigXwdb1IMFMJoFMmpwXY9ocvpnDQRAfhGXRKRgS/7PmnLlg3P39BeutaItjRALiM2r1SR/JLiC2DpQeSvBBSbLPqQhx/qjVNXAkuJ0vs9EPkl3r6jh6NJAX6rFnWQIEuTQAP2aWJRMeMJbTL3t19XNAfs2cK6gy9ux8Ip2YqUvnqrhx4uZDfabkq5Dl9e6w+GpqgQSbQegwVGO20XOfIr4uHKr3OGCN/O8WG8goB93uToAudDfVQVcPByuhwKqBCkWwN8iy0FS3tiRWa/mNt5oy6+OJoUB+4vITRUHqkjWM8ymzUK9V4YP65ohbg7HtRn51s2/mG0u+PECbJ9u6mkRpwxZ+GpIMr6vhwlfJHG5X28vkhnwiTa3XNcWQEErqMbxerus6byDCFt4mVeFumr6nbl6Aqh/TUtM9ScczeI1gWEpcP9JRdqduqc8fpfnGRE0aLIasuMqnYPd8aHo/wlRKZiBn3I4jYAvXZVxyf8anEHfq838huOluRiWQ9x7u7RpPWDLGFt3E5m9Q5lYNcJ3Smd2Ccrlwa8fDEcQpuBBTszM/imLoqf/5Zqg6FCpfvp2hS5pihzaqXhwkyFRbNqe5E1aVx2iFEQA/zj0hyq2B/BtTZNnUJa2hLecIZt9o3K8SbG1yumSRzTpku9hLN8/XNFLtDyB2ZkZ8rNPKdGbrx1E2Y0Ui+j0D+dg81oTv7g4Y0exBZtZk0MDiV+Od/CGC9p2jCDz2m/oJE0BAfBaXbL7ohwSW1UKNrpZBiW1kl1R6hpg86het26agQ424d0kghnTQLXgkdjOS3tlHsl2AizFt7iE6kLnSje5LHCkFY0jlMsWxK+6QdRwINxO1SALtUPx/UCMpH/JZLWCC8abD2XuWYwyEHJCXoaGk7C+6rqPdVATcJdmOGJrfA9eIrVHcqNgIfHNy39S1i+JcDFm9RS8Z/WPCwyWqJt5L3cNyWWHU+ndH8+DfxbMnE5HxEopFTocD5pVraPN7DHOoo+awkjqUtjs6avuvNI/zrQRJaVl3fta+sDFMG7GPQ2OgcBzPZkKdR8/ASP7rcetP36TrO8y9VyA8NpT9V2fyyzQFHy+3sOZjv5/UuEz2SNvsxOhEFnEQ5gZWINz+GfPAbul/TK5Wd3D4LEA9HzRlOEMk3/vnXY1ooAZA0xicxvaSIB2SoPaf7xo+9LAnc5uduH92gdY74bzYl8xeiwp+WMcbRoCbnq2gXGp7SOIOQWrryUv84hTJwfLiULZ0JqDh05h8dWZfwd0Fos12wbmQ5+34tYBiwqEcRhqgp8QSKg3CNm33nvFBXnZpc3mgpB4aPd1QN9LgIjSSGuAQUdPsSH33DE87WOaQfg4ZY4KJ1eoN8n1Ad9c68Kzs4YqbXSuLPQ3gTkxsQBsc3ekmzE0ioyFfJe4QrpJ0kUqXi71AcLr70uJWOrPBzS900u+s0FTBCAVxabqIsOmaDRx42hT4oabrSxatqE7wLWtoD4vT9e3x1yRoAx2yU+pLKoewtEow+CWKHr/isEk0D05Vz2z8h5OyIE2lV5woOI9Bx901fuP+y8ysZQy5m/UzbT7y91mdhn8He6Jz9zg5BMbHIReZNWrjkTEEt3DiShshR24V16dO21WU8ad4FtWwrgaomXruslMjL+YQcZ7Gcf8xYleV44a1ZeVBn8u+sPjkZLQoxi3tKbK2SA5j/qGPszxtgeHO6iVhXIOgGQ+VEp893VeoaFDZD6tjRovaXw7d6SbukYVlBWSzUMbUPXG4ufUR6DukASIRALEAAA==";Tropicale;Humide;Moyenne;Moyenne;Occasionnel;Moyen;Feuillage décoratif;Non;Verticale
Epipremnum aureum 'Neon';Moyen;Facile;16-28°C;Moyenne;Oui;Plante grimpante;Feuillage vert fluo, toxique pour animaux;"data:image/jpeg;base64,/9j/4AAQSkZJRgABAQAAAQABAAD/2wCEAAkGBwgHBgkIBwgKCgkLDRYPDQwMDRsUFRAWIB0iIiAdHx8kKDQsJCYxJx8fLT0tMTU3Ojo6Iys/RD84QzQ5OjcBCgoKDQwNGg8PGjclHyU3Nzc3Nzc3Nzc3Nzc3Nzc3Nzc3Nzc3Nzc3Nzc3Nzc3Nzc3Nzc3Nzc3Nzc3Nzc3Nzc3N//AABEIAJQAqgMBEQACEQEDEQH/xAAbAAAABwEAAAAAAAAAAAAAAAAAAQIDBAUGB//EADwQAAIBAwIDBAcHAgUFAAAAAAECAwAEEQUhEjFBBhNRYRQiMnGBkaEjQlKxwdHhB/AkM2JjkhUWQ1OC/8QAGgEAAgMBAQAAAAAAAAAAAAAAAAECAwUEBv/EADIRAAIBAwMDAQYFBAMAAAAAAAABAgMEERIhMQVBURMiMmFxkbEjodHh8BRCgcEVNEP/2gAMAwEAAhEDEQA/AOmAVEkHQAeaABQMOgQdAAoAFMA6ACKBgAem4wcUmkwGu+EcoimwC/8Alt0by99Q1YeJAPYqwAYpAFigAiKBgxQAkrQGROKBgoAFAAoAFACqBBigAYoAGKADFAg6ADoAGKYAxQAdIBq6t47qBoZR6p69VPiKjOKmsMCoi1Z9Nkaz1MO7IPUlA9oef71wu5/p/Zqb/EZZW2o2tyCY3O3PiUip0+o201nV9RqDfApruBSRxHbwFVy6pbLuWKhNhelwn8Xyprqlt5/IPRmH6TD+Ij3irF1C2f8AcL0p+BQljbYOuT0zV8K9Oe0ZZIOLXIoirRBYoAKgAUAFigYvFAgYoAMUwDOFBZjwgdTSbSWWIrptc0+FipmLn/bUkfOuCfU7aDxqz8iWlhxa9p7nBkdfNkIFRh1W1k8asfNBpZYxusqB42DIeTA5BrQjKMlmLyiIqmMHWgA+E9AfjQASkMMqQR4ihb8AU3aEW86rG65kTnk9Oo/vlWL1W9p0/wANLMi6lS17vgropcjChlUeygGBXl3Uk9zsikuCTEWdgrczux8PKpxk5PA2SOILgHw2xV+tLYW5JtoDKoeQYTp51rWNi634lTaP3KKtXTsuSWqhBhBgV6CFOEFiKwcjbfIdSEFQMFABGgAqAHKYg8UAhE0kcELTSnCIMk1CpUjTg5y4QGP1G+n1CTLZWIbIgPIefnXj72/ncy348FqjgiiEY5VwaiQUqYWnGW4ifoV5JZzjBzA5w6+HnWlYXsqFRJv2XyRccmviljlXijdXA5lTXq4VIVFmDyivgrO0t9JY6eBCQskrcKnqB1I/vrXH1G4dCl7L3fAGHeQs5kmd+PqxJzXmHKTec7jHLa9v4APRbqaNOYHHt9avhdVaSxGQiQuqzMf8Xh8ndxgE/vXJVh6jcm9y+FdrZlzazJOokjPGAcDpj31zxi1LEjrhNSWUPNPDHkcY4jzxzzU8YFKpFDZuCzwiP1ULqGbGTir7eUFUjnjKyUzqtrCLmfVbCBzG9wmRthAWx8q9XUv7ak9Mpfz/AAc2lsXBe2tyQIZ0Zj0zg/I1bRu6FbanJMWGh87V0CCoAFAwjQAMUAOYpiCIwCScAUsruCKDVbibUG7q2jdoF6qpPGa8z1C5rXT0UYtwXw5/YsikiGun3PS2m/4Gsv8AoLt/+b+hPVEU+nXMcTyyRFI0XiYsQMCp/wDGXWG3HCQnNEaKWwMXG8rtKP8Axhf1p06VCNPVUlv4/cTkR5ZTxfZx8KjxOa524t5jsLIcOoXdqrC3maPPPGN66KNzVorFOWBMTdajc3ojF3J3nBnhOAMZ58vdUq9zVrpKo84EQ5bdZR6pJNc8ZtciaG0icfZPux+lTclyhIdNpgesckVD1cjwLtlljkIDFVYYOKetcjTaewUMvo8pgmI4l34s7N51KsnP2kBIm1GCKNVTLOOZFQjTbwNySIov1AXEQK+Rp+jlvckpEqCeG4/yyeL8J51XKE4PJLKZbWer3Ft6kv20Xgx3HuNaVp1irRWmftL8/qRcC+tLuC8TjgbJHNTzHwr0tvd0riOqmytrA9XQIFMAYpDHqYsgKcQIIyCMY8aTW2AyVl9qsdt9jbKruOZ5KprGverU7d+nSWX+SJRg3yVbalfOxbvyvkoArCn1a7k868fInoQp724uLSS1nkBV9uIjcfKr6fVK9aDoVHnPfwJxRVTaUxUTR8TKpw7KvLzx1pqzmoZW67ixkel0e8jAdVMkRGVkj9YH9ahV6dWpx1Jal5W4IgSRuNsZ8uRriTS5LdLwRWUq2+R76mitoUkoCnOc0nHcSJEbq+DnfxquSwIeHEWwKiAmeaG3XM0gVfxHbNShTlP3QbQygstUwyuxZDtjY1b+JR2YLDFyabaj7p/5VD15j0oOGws8BZS6DOzLg/Q11U69N7VFj5foNRZJbs1cSx97p11b3Cjp7DD4Voxs/WjqpTUkRexHL3NrILfUreSGTozLsfjyrMubKdN5xgsjLyPpLJbyLJExV15EVz0qs6U1KDw0SwjT6VqK3ycLerOvtL4jxFeusL6N0sP3vH+ymSwTsVoEQUAP4piKvWtQMAFvAcSOPWI+6Kxer37oR9Kn7z5+CJwjkokXHMV5Btl+ELUFmCKCWPJRzNShTnUkowWWxNpFrbaLIUzMwXPNedeosukOlHM/eZU5IRLJ/wBuEyyOs0EpHq5w6kA8h1Fdbl/QLLeYv6i94rYe1rJOwjssQM3Fwl9weuNsVyLq2mbxHYGk0Oak1pfS2moxswtZ2EU+2DG3Qn++lRu4Ublwr8J7MlGTRA1rSLqx9aSIPETgSKfz8K4Lmwq2273j5JalIopiY9m69a54rJW9gekiGF5WbKoM0409UsEclTf9o7vvO5tzHErbZTdvma7aNlSSy9yqdR8Ihwek3su3eTN+Jj+tWT0QW+xBNstLaK9sJo5OAsM4PDvnyrlnKnVjjJYso0STiSIMqsM9Cu9Zrhh4L0xtnbfAbPuqSQ8j9vcvCRIjujDqu2KlCU6UtUHhk1LJe2ev215GbbU0SRTsZMZHxHSvQW/VFJKncrGe5Fwz7oq67OIU7zTJeJCMrGzZGPJv3+dO56RTqrXQf6fUipNclGO/sLvk0U0ZzhhvWH+NaVVnZos2kjZafcRaharND12Zeqnwr2NtcRuKanEqaxyP923hV4h3FMiY+6lNzezS52ZzjPQdK8FfVXWuJT+JfFYQuztpruXu7ZQ34mI9VaLSyq3EsQW3kHJI0lhp0VmuVy8pHrSH9PAV7C0saVrH2ee7/n2KXJseup47S2kuJvYjXiPnXTVqKlBzlwhLk5/ezXGp3LXE4zxbBeiDwFeMubuVabnI6NOwybY4OwzXMp7kGhy2uvQ47i1nTvI7lAoGcBXyME+FaNpU9iUGsqX3I4NDqQkuOys8M2fSbcAtk7nHI/Std1XO0cZ+9HlA1h7EGy0Fda02S4hkCSCVl4CPVI2I93OqF01VYudN4f5Cb8mJ1OylFz6A0/dOhy0Mi4bI6efwrljGdLOqO62K5IVZaHCHLznvGbmOQFU1buWMRIqGS4trVI04YwAvQBcVwTqOXJNRwS44CapciyMR8xHh2G9JMtwRbmWG2QvcyxxL4uwFWwpzn7qyRbS5KW67SWMBZbbjuGHLhBUfM13U7CpLeexU6i7Erst2ms31EJrVvCIJfVDEHEZ6HNaNtQo05YnHKfkiqsmzq1vDDFAq2yIsOMrwYwc9dq34RjGKUVsNvPIxqOnW+oRcE67j2XX2lP7VTcWtO4jpmv1Gm0ZyCO77PXvFKpktXOCy8mHj5EViQhW6bV1YzB8v+eCzKkjUJc27orrNGVYZB4q341qckmmVYY3ezC3tJpT91Cd6jcVFTpSm+yGlllFpeivOqyXJaOPGy/eb9q85Y9HdT8SvsvHcnKeNkaOGOOGJYokVEXkFFemp04046YLCKxue5ERKojSydEQfmelKdTTtFZfwGlkz3aBL54o2vHVUd8CJTyA3/asDq3rKClUfL4LaeGQFhwoGMDwrzLzydOAobaS8vI7S3GGY5eTGe7Qc2/QeZrR6dZO6qYfC5KKktJf6p2fhubD0e2QLwrhQ3U+/x8a9NcdPi4r0tmvoUp+TJT6rc2FhNp1/C/pEI7oOx9pcbZ8SB89vCsyu5JaZLD4fxQ9WCDonaq70q3vUihacSAGIfdR+WT8OnlVttdOhFxZDORpu/wBUtbyXUlhmuJ8FHliHFERyKkD1fDauaXUJqo87p8j055HdFgu7jW30pTI80ndO7SbraxgcT/E8SrvtkV2wsqdV+nKO/kWcMm6rdR6fqt1Z28UlylvwgyKN+I7kfCsy7sKVKelT+pYp+UQ37RwRsEa2uA3hhf3rkVi2s6iXrLwKbtBCyHgt5DJ91WYDPx3qUbJLeU/y/cTq57FH2iv5pu5TUNLjVGBaEs3Fy54O39mtC1hCKfpyz/PBTUk+6KYT2gADWEeOpV2H610+2+5SseDT6V2Tj1iwa50p1MkZxJbl8H3gnYj5VZSozqxynuWKK7Gg7JanJoFw2maqZYoG9kTqR3R8v9J8tutX21WdKWiotiRvwQQGU5B3BHUVqLdZQwEKylWAZTzBGc0NJ8gVjdn9NZie5YZOcByBXE+nWzedJLWybIiyLwyDiXIOPccj8q65wjNYlwRFk565qQBHcEHPhscfKgA1VVHCoAHlRhICp7QJxJbt4MRn4fxWH1yLdKGPP+i6hyU1xcQx4434FPXGfpXm1S1vwvP6HRKaXBHg1u007UFm0+GaTv4xHOs2AWYHKsCCcYBYYreoXlC2hijF475+5ySy3ll23a2ygtJri7guE7sZKxJ3nF7sV3WvVaVeWlrD/ITgYHWe1Fn2vmgvdOhmigUd2BMoDEg8zgnx8a5+pP8AEXyIk3To0jQeHXavPVZOTJx2JNzFgFhzA38DUE+w2ZOz7d3vZ3tNeWdrZWt1JdXBaW4mLcZAJGM+Axyr2dvLTQ1v+bFOSVoupSPqQWd8yXgeUkkZZ+Z+gNYd7S9Sk591yW03vgnyWEd1NxS5DcXQ71wKs4LCJOGS4tdNt4SGijHEORO9cc7ictmWQgiu7a2xfRkn4cvBKCT5HY/pXb0yXtyj5QXFP8NSMJgHfxrY4ODBfdidek0PWondj6LIeCZf9J6+8Hf4Gr6NR056iUX2Oz6hY2WqW3d3sCTxkZXPMbcwRuPhWrKEJrD3RaQdLs5tFItmuGnsGbhhLj14SeQJ6qengfnUKcHT27fYC32q4AUAN0CwCgMAoDAdA8Fb2ikSLTDJIQOFwQDzJ32rN6qoytnl/uTg8Mw0ryXE3E27senIV5actTbZMkxWioON8Fvyql1G1sGCbYhQWR/fvyq2hLdgYK0Jg7Q6npzn/Km72InmY3GQPhyz51sXK128Kq+T/wAFDWGaW3lBQ4Hq7DPnWPKO5NEqSRY7eWSdgqRKWcnwFQhBzmorlkuxyNZjda5cXsgIwh3HUsxI+hr1zWmioIoEw6+bXV4LsglonGQv3Fzv9M1J2qnTcPI4NqSZ1y3jWRUkjYMr+sp6EHrXjquYycX22NL08rKLW2XCAnpVCWWSjTwS5bO0urdor5AbVxiUE4HD4+XjWtYQSrQfZhWWabRU3f8AS+04ybLUZUX8EqBsfEYr0jsk+GZTiI03+mNqrltTvJHAY8KQYXI6ZJH5Uo2a/uYKKN3aW8dnbRW0PF3cShE4mJIA5b12RiorCJi5lLxMoIBI2yNqYCqABmgBsUwDoAFIAxzoAyHa+77y9FqD6kKgkD8RH7YrzfWK+qqqS4ROPBUWkYyXweI8s+FYdR9iaJxwU8jVRIVbbypvhgCM+NXUX7aInHe2mozWnby5uLNgrW7LHknKnAGQfLevX2dCLs1Cff8A2UvkvLLtvYNNHa3cLW4bJklDhkUjljqQf1rPqdHmk5QlnwNFd2t7cre272Glo3cvtLK4ILjwA8KvselOk/UqPcUpZ2Mi9/J6ME4vW6gH61rKmtWSvA06iSLvIoyCq5cA+Y391WLYkdU/pZrgv9NOm3Lj0izA7sdWj6fLl8q8v1u00T9aK2fPzNC1qZWlnRYEyigcx+VZEKWY7djqbwFdRSSWk1tkDvUKDPIZGK6reTp1Ip+V9yE1mLNQgKIqk5KqAT417UyRWaQwqACoAFAAoATQAKADoAOgDn+scUusXeTt3p/avG38s3E2/JauAkJyI0YDOxJ6VnpeRkmfhWNAnQfOnLHYYzJex2VtLdTECOJC7e4Cp21OdSsoR5YnsjhV0wu725urngLzSNISGIOWJP617qK0RUY9jnEC0t3B4ZHU+eGqzLGNPYb5E5P/AMfzRqEJ9BGw7x/hH/NGoBS26o/Ee8fHRgAD9aTkwJWlXFzpl7Fd2GI54z6rM/zyB0NQqQjVg4z4ZKMnF5R3Xsj2jt9dswUCxXaj7aAnOPMeIrzlezdtLHMWaMKqqL4l5doQhKk5GMVxSSjOPjKLM7MvBcROTwuD769mZQriB6igAF1HMgfGmAnvU/EvzoAUGBoAPNACc0AHQAKADHSkBhtdhMGsXKkbO3Gp8Qd/3ryHVKbhcy+O5bHgjxHhBOBk9azGySFSse728c0R32EzK9urzu9HW15ieQcQzzVd/wA8VudGop1ZVH2RXJnNLhEfOCy+XOvSlYwkJXky0cgHwN5fCgBxUNA0hwR0DwPRLvufpQBoezzNBdxzROY2U5DjmKhOKmtL4JRbTyjssU5ktIS7es0ak7YwxG9Yl502cVqpbrx4OylXi9pBLcHAOd+tbFpV9WhGX8yck46ZNDiX0qbBtq6CI29zI59Zj86BBCVvE/OmA7HdyofaNGAJI1N8dKMBkt6jkAZoyAKMgKzSGUnaWwa5hW4iGZIs5HUr/FZXVbV1qeuPK+w4vBl1Oa8q1gsFMSRgUlsxmE7duWuYF/DGTj3n+K9T0aKVFv4lMjFyDetciII2pNAI60IB6OmNDm1AZFxjegC/0qMsY1H33C0D7HVTJgAA8tqBYAJM0JY4B+RQankQ7Eylhxcs70ZDJcxWVvLECvWjJPAk6UM7Oce6jIYB/wBK/wBz6UZFgtKABQAdIAZoAKj5AZ7WNEY8VxYjfm0I6+79qxL7pal7dLnwSUih3O+DscEHpXnJRcW00WLcw3bhf8cu2wjAz8TXqukf9b/LK5oxkvWtQrGiaQCRzoAcU4qQCwaAHofaFAGr7PJxXFop/wDaDj3VEkzfcdMBStQA4GpiFq3hQIm2t5LDjhO3UZpBku7O8SfY7N4UE8kri8qBh0yIKQAoAFAAoGFQBXalo8N8e8T7Oc82HJvf+/OuC86fTuVniXkkpYOSf1BtzFdhHKd7GvBIFPIg5/WodNo1KEJU5+eQnvuYKXma0ioaPKkAQpgKFAChypgPwY4hnlSA1fZI97qin7sSsfpj9aGPOTbBs0hjqmmA8gJNMWSZDZzSjKLke+lkMZJCabcfhx8aMhhkyDTp0IbiCmgeCcEnAGWX5UDJQNMQMikAOKgYdAgqBgoAOgZyP+qUHBq0rdGVWFR7iZzOb2jUiAzQAMUACgBQFAEqBOLY9aB4Nd2NgMEszONyg+p/inyLg1sZzikSySEpiZJi50CNFpRBgxtUWTXBYAYoGGKYCqAEZoIgoGLA2oAOmIKkAKADHMUDObf1YiQtbS49ZoyD54P81HuDORTj1m8jUiJHNDEgUDYdMQpaAJ1p7a0iS5NnofInqcD5CkhS5Nfo1tHcMRJk486bYJEq9t44WxGMU0DGouYpiNFpAHcVFk1wWApDFimIFAz/2Q==";Grimpante;Modéré;Moyenne;Rapide;Occasionnel;Facile;Feuillage décoratif;Oui;Grimpante
Ficus pumila;Moyen;Facile;16-25°C;Moyenne;Oui;Plante grimpante;Lierre rampant et grimpant, toxique;https://encrypted-tbn3.gstatic.com/images?q=tbn:ANd9GcSKxHB80bjRXTwoPSCpP1ctrXWL4XiuGV1kochCMDVyFBcH2yK2DB_xDMqrtaERCQX8PQyJnEcS45O_R3Q1yM7hr7aVnWr0WYv4Vxl1GrAK;Grimpante;Modéré;Moyenne;Rapide;Occasionnel;Facile;Feuillage décoratif;Oui;Grimpante
Tillandsia ionantha;Faible;Facile;18-28°C;Faible;Non;Plante aérienne;Plante épiphyte miniature, facile d’entretien;https://encrypted-tbn1.gstatic.com/images?q=tbn:ANd9GcS8dfHn8SN18SBVtvdkKeL-xmdfvBYXE-cEdnEtKdrPQ0AiJr-pvqBXzbvAbG_V-JOfA1Uc7mZjfrKcCDwsy7ZB3VCZnhHrjfDy3c33Oax5_g;Succulente;Sec;Petite;Lente;Rare;Facile;Feuillage décoratif;Non;Verticale
Nephthytis;Moyen;Facile;18-26°C;Élevée;Oui;Tropicale;Feuilles vertes en forme de lance, toxique;https://encrypted-tbn2.gstatic.com/images?q=tbn:ANd9GcQYTgBfXlkSO30TdwjfyElO-QpwVRNOX0cGuwDkyoMS5r9GcAS1eihWqaNvdrjnFTTDpwTvRW3JJR7EX0IPTeyjHvo0LPgS-uyFSdGbRMM1;Tropicale;Humide;Moyenne;Moyenne;Occasionnel;Facile;Feuillage décoratif;Oui;Verticale
Syngonium 'Pink Splash';Moyen;Facile;18-26°C;Moyenne;Oui;Plante grimpante;Feuilles panachées rose et vert, toxique;"data:image/jpeg;base64,/9j/4AAQSkZJRgABAQAAAQABAAD/2wCEAAkGBxITEhUQEhIVFhUXFRUVFRUVFRUXFhUXFRUWFhUVFhUYHSggGBolGxcVITEhJSkrLi4uFx8zODMtNygtLisBCgoKDg0OGxAQGy0lHSUtLS01LS0tLS0tLS8tLi0tLS0tLS0tLS0tLS0rLS0tLS0tLS0tLS0tLS0tLS0tLS0tLf/AABEIAPsAyQMBIgACEQEDEQH/xAAcAAABBQEBAQAAAAAAAAAAAAACAAEEBQYDBwj/xABAEAACAQIEAwYDBQYFBAMBAAABAhEAAwQSITEFQVEGEyJhcYEykaFCUrHB8GJygpLR8QcjorLhFDNDUxaT4hX/xAAZAQADAQEBAAAAAAAAAAAAAAAAAQIDBAX/xAAnEQACAgICAgEEAgMAAAAAAAAAAQIRAyESMUFRBBMiMmFx8BRCUv/aAAwDAQACEQMRAD8A9HFPQinFaGYVFQ04oGPT01OKQBU4phTigBxSp6VACilFPSoAaKelTigBqenpUANVdxLiy2vCBnfSVB+Gdix5TyG58t6gdpO0a2Q1u0c10DxZRm7oHmRsW1EDzBPIGBwbBf5ltGJZi7XrzEkkuBsSd4hV9qwnl3xj2a44W7fRrbUwM0TAmNpjWPeip6atzManpUqAFT01KgB5pTTUqAIIohQCiFMkKioRRCgY4oqEUQpAOKIUIohQA9PSpUAKnpUqBip6VVXHOMCwMqgNcOykwFH3n8vLn5VM5KCtgWjsACSQANSToAOpJ2FZPj3aLMMlloXQF+bgg6J0XTfQzVBxDHXL0l2zHkDoo6ZV2BBB89RUbC2mulLZHxMqncEgt4zPKAGmK87L8uU/tjpA3TomcHwgb/OIkZgLY2GcNmLHrlgabT6VouyBDXLr9Aqj0YmD/oFQ+J3Alt2UAD4LYAAADaE6bc/9NWPYq2AlxhzdV9cqAn/dVYVWRI7ZR4YmjR01PSr0TiGpU9NQAqanpqAFTU9NFAEEUQoAaIUyQxRCgFEKBhCiFDTikAQohQiiFAwqemFPQAqelSoA4Y/Ed3ba50Bj15fWKwJYsTJlm1Y6zvz+R+daDtLxFWb/AKdT8JBuH7pOy/Ikn1FZ22pnNB30MQCASDB9Vb5V5vyZ8pV4Q0cb1zu0ZMgObKwadUjxSOoIy6VP7K4IOgu5jmVnRQIywUBY6iZ8Ta+dR8WmZTpGm45dD9KvuDYSLCZdDkU/xMM7n5mP4RWWJW79F4o8p2/BH4jbeCvpy8/6VfdmcPkw6dWzOf4jK/6ctVWOzFYjxHwj95iESeolhWoRAoCjYAAegECuzBD7nI2zy0oip6VKus5RqVPTUANSp6VAA0op6agCtBowa5KaMGmSdQaeaAGiBpDDBpxQU4NAHUUQrmDXQUDCFPTCiFACqk7W8aOGsgpHeXGyW5E5dJZyOYUfUiryvOu2zG5jMh2S0oSY0LS7sPXwjzy1h8jJwxtoCt4fauG4LRBzEZ3ZidQ8Eu/UmdeckitCtp7Vvu3BhmaBIIUr4lKxyZcxPmCax+F4ky3s538KgfeQALA/l0PUCt7jXzWCwOwzA9QsOCPVZ+debBKnRvGKabXZRYhyUyczAA3/AGTWvt24VV6AD1POszwzDl8ShKMFUF5IIB0GUDr8U+1axa3wqo2PCqTZGt281+2pnwhrp008MKo9c1wMP3KvKoOz93PiMRcmQBbRekKbmvuZP6FX9duH8TLJLlIalT01aECpUqVADUqemNMBjSpzTUAVCmugNR1ajDUEncGiBrkGowaBnQU4oQaIUAGKMVzFGKBnQUVAKIUAEK8+7f4cjE59YewsH9pGcN9GSvQRWY7d2B3dq8QSEuZXjfJcGscpLIg161z/ACY8sbBGNxePtYhbYKFRbYZHBg5SCGB0IgGOf2au+FYvK64YsHt+FUJyyIDDKYHiMypHSKzaXlNwWwhIMgjWSDrqOZXXUcsvSjwN+DnZjmW4CW0+y4Jbz2n+9efGVM3eWt+T0a2ZdjyUZB67tHlsP4TUPiuOyDukPjbc/cU7n948vny1zS8Ru3WDZygBJUCIWZk/tOZbXz0qYbi5Tldi0nxNuWJ3iJmf1yFZPkLpdiyZ1JNRND2TYBWHNyWGgHht5bZ25Ax860FZ3s/l/wCodEBC2rKpqZhrrl2Qn7wyKSP2h1rRV6GD8EZSVOhUqVNWohUqVKgBU1KlTAVNT00UAUAaiDVHDUQagRJzVXWeNZTkuqQ0kSAIkHXc/UVMVqpeKIwuO4AykLqVVhJWCIO3wjWsc0pRVxNIJN0aWzeVvhM9RzHqK7A1isNcdWS3eBCMfBciIMaQxGok/Wp1jit2y5t3PGBJDHYCNJbcTHnvFZw+T/0inhfg1QNGDUXDXg6hhz5HceRruprqTsyao7CiFRsTiktrndgAPr5Abk1RYvjGJuaWLLqp2dhBPnL+ED+as55Ix7HGLfRecQ4nasiXbWJCjVj6Dp5nSs1jO1iuGRrEqYIysHIZSGRiCADDAGJ5b13w3Z9fivM11iQTJOWehJ8Te59uVWFzidlJXOgK/EM6qE/eOw228qwlOcv0jeOH2YDjV609y2+HYo6w4GXKA2YbExn11McpOusQ76s5NyAgZpcSAA2zATzJEwNhm6VrcVefFK7ILaWZyi46ZnuFYLOisIAGoBOs9ANcthuDvcm7dJzBGuMsMCgJGXwASdCDoDMNEnSuWcGuiM2OUnrosMOWYjLAAj4eWnWp1y0qAEGGJhSdIIjxFj8MSNZHLaqlXuq2R4WNYXUZYlXWNCpH0G3KtHwnBrfuBcpADSxDfYAJA9Dtp96uRY5OdGCrou+xfD+6sEnU3HNyTuQQMpPrqf4qv6YCnr3cceMVEoVNSpVQCpUqagBUqVKmAqalSoAygajDVHU0YNAjurV1t3IPkdD+R/XXyqMGogamStUVGXF2Pj+F23UgkJrP7PqV2qptY6Abd8hkMjvI28nG/wDFv1HOr/CgMMja+usjkfauHEuFqV8KzAOk7yPx0j3rhnGSejtTvaAW3lylCQIEZWMEcvJtOs1zucYuZslrKxGjMwART0geIkTy003qktYm9hWgoe6JJ7ttAPNG5Hy28udTLfDsHiSb1osjkgv3blHBmZZNVn9oDXrRt/i6YNJ9otcHZlu8usbr8iwAVZMwiDRRoOp01JqbisWEEuyr+8wH/J9KyONtX0Y2xfuMAZjOVY28s5iQQBB0nqDVZbxDx3jCRORWcySxGuXNqxA1NTya8C66RouNcTN3/LtM5X7TJ4c3KFO8fj6TMXE9nmChlsD4c2QHYiABrqSYmPPyoeH8VKhbv/ThUBIN640STsFXXWJ8wAOusu3xxLnxXgPYoPYn+tDl7FV9sjYritq06YQPAVYZzoAizmMDmzaT1PODHbgOM77ENfMgspt21IOiIVZddpMExWJxeKFy4bpM94xYDaLVs5LQPTMQ7H1BrRcCZwwePCpBgEdZ0B8ulZym00Qsjb/RzvYdbWJuWGBW2Xm3APgD+IZfIZttjBHpc9nblxMQo0AUMLon7JIAiN9SjA8wPOm7aYMFRfB1Uqp81Yws+7f6jUbD4pZS5bzEKDl1AYoo8aMDtcSZHIqxjQKA6qXJGTguVP8AqPQziUic6/zCuYx9r7499PxrLXOJh1VbQl2ALCPhkxB85BoltudWfTcnQAeQ/rXb9a+jRYV3Zrbd1W+Eg+hB/CirHoyzoxJHMAmPerLC8Qdd2kdDr9eRqlk9kvA/Be0q54e+riR7g7j1rpWpi1QqVNSpgKlSpUAYtTXQGuK10FAjqDRA1zFdBQMNHIMjcbVYd8CsifMdD0quolYjYkelZZIcjXHk499A4jEAGDGvXWutkL8UARz0EelU/ELT6uPEJ9G+XP8AWlBbxa5f8wxrMNpt0Bjzrlumdq2rH7U4oG06qrFxEMq6HUZ16nwySBvFQ+G8OsFwD3txMvx3SFVZMkIAsoCTzM+fOrrFWAUUQNyfc6/ia44YjY76T77actKO3sXFPZN4vwZrptondraRYAI0QzMhRuTpzG1VnanhiWMI5zF7jlbNuYAD3jkzADopZtT9mumL4rcwoBAD22YrkO6HISuU/ckajWJMdKw/aXtbcxbW/AbaWg1zISCTcAZSZABiGIAMbmqlHHuVbOOanFUaTiXZdVwlm7ateNcz3AAMzLchhm5koAojXmatuyGQm2QQYJ6bldPXc1kuF/4iYtGVcStpklZcBlOQxrpoY1OgrWYXieFa5OCsvfumGi14LQPI3nfwp1gS3kameFSlGUX1QU4aZN4/w5lRrQk23DC2fuNEojHyYDKeY0O0nE4YkeNWEwCcpOhHXTQjX2rUdor2KAUYm9GcEjD4Ym1bhY/7mJYG5cIMaIEH0nNXMQpdxymS2ghiAXmBtOv6NRnhxdozlLlXtFvwTHEMyrBZhIBBhGMSAOYg6flVp3JJBeSRzOw9BtVDicOyqwkQBmttEkoZDKRzUNuD8Mn7Oq0TIylhbvXFZZOQuy5k3DK8wTl3U66GJiljlWjeM+KpnotpNPzMfnoKi8Q4jbtwGLEtyVZOkax71gk41iF07+5/E0/7ga62eIMXJulnJEtlhHEAkH4YIy+W3prry9FrImaC9x26SGt2ioB3LuGfkdVAAGvWKuLPa1rZCuj3AemUkdYadY859RWTtPZZsrNctkCM1yGA6CQQRp5VZW+FuvjDKQAdVGpG5iQQfnNClJdDaUjf8M4raxC5rTTG6nRlnqv57VNry3DM6ZbtlnJXdkZGieWVOUDY71tOz/aRL8W2IF3XYEK8blZ2P7PymuiGW9Ps55wrovqalSrYzMSldlFcbdSEFAglFdAKZRXUCgAQtBcMCpAWqXiOJLmE1EwPM8zWWWfGJthx85UTLa5iF5deVPxzEizbCDdzkHmTypYvHLhrXeMBMQiffaNvIdTyHtWJwHEWv4+ybz5iXadIVYViFUfZEj6CZris7m1HbN5ctkj3X8wfyqo47gLBu97ctrmCgC5l8SxBADDUan2960Lg5WjUgT6ncfPSomLthp6FQ3sB/QVpKNomL8mY4Pxdb/eYS4wFxW/yyxGYjUoG5lxsSN/Xfzm69xVuk6XRdKvGhUltQPcHXzq7u4VGv3rQC2r6XoFy6i3EuBypS4XADK8MCQJ3BGxFV/aCxibbA4hRLNPegzbu7tIZSQeu49KmPdeTklKUtMjm34B8ByrCDrGm+5O/yraf4fcUu2rbtIhs7Lm0RGUlCcoGonWP2fPTAWEaFjUZip6hidPxOtep9ksKLNlWcS4BCgjMC3xZhOkCRr10nSq6emW9xOqYD7MEXCwZ2YkvrqM87u2+uwI2kVX4S0q+MpKt4gBpIDDwyNVGgEx106X4wt67IUS0QDO0yS7Gdzr9I2FXHDOzVtPFchm08I0trHQbn1O/SmoSk9GKqJkcJdK3E+IqGzMoAIBfwsF8ioAg6eYk1F7QYL7NuybhDEBkRmgEkgOAJ+F5E7MD0M+qoABCgADYDQD2FCttQzOAAzRmPM5ZifmfnVf437DmeT4LsfjLm9rKP29J9ASJH9KuMN2Lx0ZGvWgmXLqAWC/dByt4fKQPSvRKU1osEUCnXRkuF9grCKO+drrc4m2vyBLf6ql3Oxtga2Xu2fJH013kEGa0U0qtYorwTyZlMJ2Dw6kM1y8xH3WCfVRm+RFT7/Zi0SGRmVhEMWZ2EbEOWDz6sR5VeUqf04+g5M4YS26rld85GzZcpI/aAMT5iK7zTUqsRjLIqUgryrC9oMQm1w+h1q3wvbS6PiVSPLSjkg4s9BArsorIYXtrZPxKy/WrrC9o8M+1we+lFoKZY4+7ktu3RTHqdBVLgslq2LlzZR7ljsB51J4riRdyW0MgnM0eWwrK9rsUc62tRbURvGZj8XsIj1DVw/Ilcq9Hb8eD4/yV3HeLvfukiXYwqqknLJgIp9T6k1Yp2d7p7ZRXu4gEMQhZocdYIAUHSTppULg2PW2wZMKjkHw53YAeYUDf1J5aCtnw/tdEK+GFpOZttmC+eTIpjrEkdK5+Ntboqak6RdYC/nAf1BHSOvoZFc93KD7IUfVo+kUAZFud4h8LmWA1SSP+4pHXSeRmd5kVxAD3zI+NI/8ApT/9fSupDSPLf8U8KyYu2VkK1oEQY8aOwJ9cpt1b8G4pYxds4W8w7xlh0JIS40AtctE7POpEaEE6/FT/AOJWE7+9hzqEVG92Yrpm2EQPnUPhnD7aEKLakwIh1czz8Q0G/PWoyOLVeSYtxk/REXg3/SX17yLqHMcoP/r1BcdBpJFbjGY+CxKqTkWNsijZVVRodmOpI8jVZi7JCloVJXKGX4iCdFnLtvv5++fwGDcubYuHMsEK53AiAGO0DlU7oze5aWja8M7R9zc8U3FdRmVCCyMhjMQdyQdQT9kdK2eDxqXUFy2wZTz/ACIOoPka8tSw6KVdMrliY8WY8ydBlZdtAdNK0PA+IpayNmgMct1SDAj4bi+Q/AnpW2LK19r6Flx3tG5DUQNR81EGrrOY7zSrmGowaACpU1KgB6VNTzQAqU0qagD547umNqkr10z1x8mj0OKZwa2aKzaZmCKJJIAHma6qpYgKCSdABqT6Ctp2Y7NFSLtz440X7k9T978KHlon6ZA41bfD2LarmyfDcZSV10IlgQVBOb8PI5/EYtnCDKAiKqgHX4VAECROsnnvXr4w6KpEA6QQdjPXrVHjuAYW4dbKA9U8B1/difesE/Y5KX+rPOcPjbi7PA05KRHoRr/xVrY7QXftZLnnkYHnpK+9bDAdgsKVYN3jZiCGZwCkfdIUdec1EtcIs4a61i8Sk62bggKy67sfhaTBGg36irqL8GVTi+yLgO0d2yom1bC+I5XZhG508IidTzHiEc6hcC4ndfMWCw165cO8jO5aI6aj2AqH2wxXiXDq4cIgVmAyiSZCxJ1+1P7QHKn7ONqwA1yhusHUEfIA/OnVFYp1lqTNVmFwZDDCZZSNNap8RYSy1y4C4CociKM2ZhGm85Trt0q0sAbddyOfrT8Qs+D92CCNzqAfofwpNWdEkmUX/wDTF5BluHKWBy8tIA26RsebetQHuxeYqYgyDzBArr2ixpUrnQGR4bqgK5I3Dxo3X9Gq/h+IzZvNYMiYhs0g7jQan1FElW10c7bumaG7xQ3SqvKMojRtGOoDqYkSDtPKpmGQAQVDCPhJInqARseXyqtu4cx8MXE5aeIZRI6HeZ9KsuGagMu8agmBMaQeXp5VAOTZucA3+WkT8IGu+mmvnUgGoWCuoVGU6akDmJM5faakhq9KPSOOXZ2DUYauAaiDUxHcPRhqjBqINQMkTT1wDUYegA5p6DNTzQB85oZIABJOgA1J8gBvWo4R2LxN2Gf/ACl89X/lG3ufat7wDsxasjwIAY1Y6sfVjr7bVpbGEArh2+jvcqMpwjsrbsDwjxbFjqx9+Q8hFW4wRGgq6ZAK5XHApcBfUKZ8C3WPWnsYAAyzT6CpNy4Saj8Q4lZsJnvXAoHXmegG5PkKngPkycmg6Csj/igqHDo+ZQ6XNJOrK4KsqjmZyH+Gs9xj/EG45K4dMi/efVz5hdl+tZc4i5fuDvHZ3aVBYyZPwgdPFHzqxSg2hYLCM4dxEIoZ5IGhbLpPmf0Yq94Nbe3ct3CsI+a2p5GIIJ6SZj0Pvx4Hg7gfLbMELqxUkICv/d33H2Z5nQTXTG4rIluyhB7o5jrEZYVNOckn6daEYQqufo1GQKc42/CeRqTZAJM6gqRHrvXKzcB1GgO3QgiQI9663HCjMfh2+fKnR3MoOM8PzI9nmPEh5kjxL89j+8axWDxLWzmQjUQRyI/XMV6i9qXD/eWI/dOn4/SvLcQgV3T7ruv8rFfypL0Q1Zd8F4iTdykQGjnPyrR2LRS4RyM/Mb/PQ1g7RIIIMEEEEGCD1racD4g2IEMZurrOgzRrmA6nY+cVDXoynDjsh9q79y29q5bdlzKykAkR3baeujb9IqFhu1eKT/yE+uv41N7ZXc1y1zHdluX2mM/7aoCgrSOVpUOOFSjbRp8N2/uj40B+lW+G7f2j8SEVgO5HWkcNWizsT+MvB6vhe1eGfa4B6mrOzxK22zg+9eJGwadGddmI9CRVrOjJ/Gfhnui4hdpHzroHrxC3xW+I8ZMbZgDHuatsN2zxK75W+YrRZYkPBNHrQen7yvOMN2/P27Z9jNTf/n9r7rfKq5x9kfTn6PRLS11mo5ucqdQTvtXIbtBu01FuwBJrlxXi1rD2zcuOFUfaPXoANWPkK8l7VdtruJm3azW7Wx/9jj9oj4R5D3PKhlxiaTtL24W2Taw4DsNGafCvlI+I+Q0HWsDxDG3b7Z7ryeQmAJ5KvKq4CiBPWpo2TSDK9aCCNifUHUeYPKnNw0RcEbaj60Ibo1HBOOkrctmASA3v8LGOnw+k1ToGuXWAMZnCAnQSIXU7aGD86jcKWbgjoZ9P7xXcrD3BGudtuQBmR9PrSMMy+xL9m6wjKUPdmVVmRSDPhRiqmeYyga1ZWkDowPOPaDM1S9mlLWWC7qw06ggeW+je1W3D3nT2I+dM2jK4phJcgi0dxz5GYivKeLMRiL8j/wA10+xuMR9CK9U4hbCsjR5EciB/evLe0Lzir5Go7wjTaQAG/wBQNBSAs3KmYDFtacXEMMDyO45j0NV+HbyqYpHSpH2WnHMet28XScsCBtuSx0/ij2qJn5VHAFHHTWpaHH7VRIAFP3XQ1HD0a3ammXaO2Uj9TQn0pC5RB6Nj0c8q8xFLuQdjXYEUsoo5C4kc4ah7j9a1INvz/Kh161SkS4o9zEDU1Sdqe09rCW81zVjPd2gYZz1J+yvU/wBqi9rO1CYNJPjukHu0n6noo6/KvGuI4+5fuNdutmdtzyA5Ko5KOlbJHJRL41xu7irneXnn7qjREHRV5eu5qEHFc0SjyedDotWPnH6FNIpwBTGKRSsVOKHSm19aBk3hN5UvKW+Gcp99vrFWOMUDE3QRoWGgOv2SxHn8Xz9az5arVMabhztBfYmACSVChjy1C/MHrSMs+4a9mx7H4iGe3M+BWEfsmD/uHyq3xSi1dVh8LT7ERp+fvVbgrKJjbaoRlbDqwPNsymT1JOTMau8eguow2Caz5ga+0VQ8Wo0c+JGYJIhQZPSedeQ3rwd3ubZ3d/TOxb863fa3iRXCMBobpW2OoBWWH8oYe9efKKhm8dE3D2/P9e1SMvl9aiWakKx61Jejrl06e1IKf7UKua6vcE7Uti0AWIog4/tSDg9aQUeVABAjr86dR0P1oDb/AFNCVO9AHbMf0KXeVyVjypM55/hSodnbvKfP5/jXAuOh9taaR1Pyp0KyJxLGPdZrtxizsZJP0A6AchUO2Ke60mKJK36Ry9sMmK5gzTNqaNRSK7CUUqVDnpGnQcUgKEXaE3R0qdlKgmB6Chs38rTHKCOo/UH1FP3g60DtSsbSNzwnFm5csXWg5clkQdQuYsjEHfRnWfLrW3xAGVgNiCPnXlvZbE6lB8SS6HTY6MBPQnN7mvReJ8TW3hziIBAt5wB9okeFQfMmPetEzCMabR5123xme8LK/DaEH99oLfIBR65qz6g9DRuSSWZiWYlmJ5ljJPuSaKY+1UNnRQdpvX5VJU+lcLb+f0qSjDlB/WlSMU/oGlm9adXE6qDPlP8Ab2p8qnmy/UfL/mgQwIp6Luj9l1P0PpB/Kma2RuI+lACnzpw560EMOvzpiPI0Adu96ikbg9K4zpPLamza/r8afEORIKg7RQ936/SuYPtT69aKYWipFdFOtch/Suif1rZnLEXOugrkN6KpZaFdbkKcLQJ8Rrq21J6Lir2CRQE/rpQXDrTqKksWhpMo8qJBvQmmIlcFYLiLRJ07xAY6MQp+hrUdueKHKmEBmS11ydfCbr9wg8goU+gWNKxlE7liWYkk7k6k7Df0oFSuwlSjUCuSmjXf9daTKR2DeQmu4PIgGlhBJE9R+dSW0WQBPmAfxqRnC2maYBgak8h6nlTA9G+ddBcLRJn9dKToKAB16g10W4w05dNx8jpUYj9e1OP606Ak94Oax5qfyP8AxRr5GfI6H66fImoec9a7K1JjQV1NYYa9Doa5Nb10kVJFwgQDp906r/KdKfitsJkyiMwBPT5bD2qokSfshyeY+W1Nm9frXRxSyiqCj//Z";Grimpante;Modéré;Moyenne;Rapide;Occasionnel;Facile;Feuillage décoratif;Oui;Grimpante
Calathea lancifolia;Moyen;Moyen;18-26°C;Élevée;Non;Tropicale;Feuilles longues et ondulées, décoratives;https://encrypted-tbn1.gstatic.com/images?q=tbn:ANd9GcT8sV6HQfF7N1ZBLUwGZ4VjWEwelKRUc9c9Eu_8Q45w009BPZo9dGAjtxHx1rtu6UJRKF7bsSg08gaKOftvejYbU_VBrV9nopRIevc9anvU;Tropicale;Humide;Moyenne;Moyenne;Occasionnel;Moyen;Feuillage décoratif;Non;Verticale
Peperomia obtusifolia;Moyen;Facile;18-28°C;Moyenne;Non;Succulente;Feuilles épaisses et rondes, compacte;https://encrypted-tbn0.gstatic.com/images?q=tbn:ANd9GcQJxZ5RWtSmhXHIS8W93LUPX8dVu7f8IZEd1w6Z8-Eh1EI9XxzO2xFotS_fHekdZQUm2WOYrLxR2FY7IkeuOtQfKE3RnO1OVPZFXFkcUiVj;Succulente;Modéré;Petite;Lente;Rare;Facile;Feuillage décoratif;Non;Verticale
Hoya kerrii;Moyen;Facile;18-28°C;Faible;Non;Plante grimpante;Feuilles en forme de cœur, succulente;https://encrypted-tbn1.gstatic.com/images?q=tbn:ANd9GcTM4gCEdhOtVwYmMKQh9GCR5aZp_UEgpGOWREp-Nwh8mlqsAlSeew9tdrydQxxLEM7wFzGblKCVNiRZDgzBLtfAjGC-rY1MeyeJHHU9vqrZTw;Grimpante;Modéré;Petite;Lente;Rare;Facile;Feuillage décoratif;Non;Grimpante
Ceropegia woodii;Moyen;Facile;16-28°C;Faible;Non;Plante grimpante;Plante en chaîne, succulente, retombante;https://encrypted-tbn2.gstatic.com/images?q=tbn:ANd9GcSfeK0sfm8R9-jRG6A7_oJwucwAbwXJ1R4AhLbkJhxdpdkM_7x3goFkxQk4cS6OJxIVoZwGQs1qQmpArwfNUGfLIkQ4MAYEGjXniLd-pTcC;Grimpante;Modéré;Petite;Lente;Rare;Facile;Feuillage décoratif;Non;Retombante
Scindapsus pictus;Moyen;Facile;18-28°C;Moyenne;Oui;Plante grimpante;Feuillage panaché argenté, toxique;https://encrypted-tbn1.gstatic.com/images?q=tbn:ANd9GcR06tGXlhj0jYomRklIDF3v2fAYGNvNAwWsZ2vZX6bxxXRNUveNCNnB6GPhVdWhU7mNa52_nnRMPz6zHEVm0BUA-Ah49-ezaAn1lUzRw236;Grimpante;Modéré;Moyenne;Rapide;Occasionnel;Facile;Feuillage décoratif;Oui;Grimpante
Aspidistra elatior 'Variegata';Faible;Facile;16-25°C;Faible;Non;Plante d’intérieur;Feuilles larges panachées, très résistante;"data:image/jpeg;base64,/9j/4AAQSkZJRgABAQAAAQABAAD/2wCEAAkGBxITEhITExIVFRUXGBkSFhYYGBgbGRgXGBcWFxoYFxoYHSggGBolIBsVIT0hJSkrLjIuGR8zODMtNygtLy0BCgoKDg0OGxAQGy0lICIvLS8tKy0tLS0tLS0tLS0tLS8tLS0tLS0tKy03LS0tLS0tLS0tLS0tLS0tLS0tLS0tLf/AABEIAQMAwgMBIgACEQEDEQH/xAAcAAEAAgMBAQEAAAAAAAAAAAAABgcDBAUCAQj/xABGEAACAQIDBQUFBAgCCQUAAAABAgADEQQSIQUGMUFREyJhcYEHMlKRoRRCYrEjM3KCkqLB0UPCFSRTY4Oy0uHwFiVEc6P/xAAZAQEAAwEBAAAAAAAAAAAAAAAAAQIDBAX/xAArEQEAAgIBAgUDAwUAAAAAAAAAAQIDESESMQQiMkFRYXHwE4HxFFKRseH/2gAMAwEAAhEDEQA/ALxiIgIiICIiAmps/tAGSoQxVjlbmyHVSR8Q909SpOl7Dble70bbK7RWmKhpqKa084+5UYls+uhABp3B0IzCUvbpjaJnSwokR2TvaVbscYop1F7pce4T1tyHjw8hJarAgEG4OoI5iTW8W7ETEvsREskiIgIic3a22qVDRjmc8EXj5nko53PK8ra0VjcjpTn7T25hsOM1asiDxNz8hrINvJvdVRc7N2aN+rRbZ6niuYaLqO8wI6DVS1d4urVxLqzAsXIFKlmJJ1sCxJJI/ETc2PAThyeO/sj95UtfSytse0hXVkwSMx4dq62UX0GRTqx4+8ABYnUKRJ/Qp5VVbk2AFzqTYcSTxMpLdvD5sZSpLZlpEB2HCpUqMKTkeAQ1Ao6Uz1MvGa+Fy2ybmyazuCIidaxERAREQEREBERAREQEpze7vYrENz7Qj5d38hLjlQb52GOxCr8Sn1NNCfqZz+Inywzy9nY+yDGYNKn+Ii9mx+8cthfTU6WPqJo7nb1vhan2fEXNEmytx7JuB/cJ5cidLgibm5OIyVHpn3XGf1Xj/IT8pr77bDKntF6gEj5K39D4W6CcnVas7hHeOqFoKwIBBuDqCOYn2QD2fbxcMNUPH9WTyPwfnb/uBJ/PQx5IvXcL1tuCInxmsCTyl1kZ3s289MijR98jM7/Ap0FtCMx04g8hbW4gO1NpJQXOxNWoTcKx95rAg1L8VGhtz0JJ0z9jejbKDtXHu3OoN872sP3V1A5cTzJFYYqu9WpfixIUDx5Aes8XNknLkn4hle3LYq4ipiajVa7lubE6dSEX4Rx8hmPHj3cGOwoPim/WVr06A6JbK1TwFu6PpOfsXZor1Vog/olu1R+WUWLv5sbAeAHjMm2cZ9qxAp09EJFKmOSoOfy19LzC3M6U7cpJ7K8FmxIJHuqcQT6NRpj5NVb1Et+QP2UUAUxVcCweoKaf/XTUBbehHyk8nr+ErrH921I1BEROpYiIgIiICIiAiIgIiICVPvPTvjax/Hb+VbflLYlYbyL/AK3iB+MH5op/rOfxHaPuyy+lobNxHZVqbcgwv5XsR6g/ST7a2FD0hfXQoR1K3/OzDzYSuMWo0PLgfXS/oDLK2ZVNTD3+8VWoP2wP+tDOXW9wjDO4mFW47DtScOpN1bKSNCddGA6nT1I6S2929qfaKCVPve6/7Q5jwOh9ZBNvYYdo4+6wJH7Nhb1sQfSbm4GOKVeyPBwR+8tz/wBS+knBfpvr5RWdW0sORHf3bBRBQpk5qhCtl94KeOXxtfXlx5SS7RxYpIXPp4mU/vTtJ8j1L/pK5NNToStOwzWPLuldRx7YfDNvFZemOmO8tbTwim18fnbu6Iui292w+H8I4D58SZhw4KJn4M90T8I4M3oNL/tGeVp52VQbC9r+A1LeAGpnR2eVztWcfoqQBVTzPCmnqRmPXK3WebrphhEN+s/2XDCiP1lQCpV5FVPuUz05kjqT0mhsejam1Y+9UJw9L1/WOBzsCB5uJqgVcXWyA3Z2uSevMnwH5ecne42yVxOKVwP9XwwCU/xMNb+ZPf66pK48c2nXvK0R1SsPdTZf2bC0aXMC7ftNqQPAE28gJ14ie7SsVrFY9m5ERLBERAREQEREBERAREQErne+nbF1D8QRv5Qv+WWNIPv7RtWpP8SFP4Wv/nmWaN1Z5fSiWLF1I8P+8nG5GJzUlH7Q/wCR/wDO3ykHxT2yn8QB/L+okm3HqZWZPhdbeRFS/wDzU/lOOPUywzqXveihYrp94p6ElT8kKSNYTFmlXw7WPvqfW9iPnn+cnO+OHDUrjmWX1KnX+RRImaANWmotmrNnX8FN1BY+BPf9L9ZleNTwtevmdjerajVWSmn3iMo4aMSqHXrZ6n/DXrKz3gxi1sRlUjs6YFJTyyi92/eJY+oHKSDbu0u/Uq3sQGWlb8V6SH0pqzebyDoe7fm50/Z4fI8PSUm03tuS07bmGpXBI0DHIOoprYt6m6DzJnjauLuezWwVCSQObnQ/L3fQmbdduyW494AIv7WpJ/izHzRes19hYVO9XqrelTIATh2tU6pTB6aXJ5KOpErbmdolvYSiaNJUUXxGJAVQOKU2IA8i/p3Qeolkbv8AaIEweHIVRbNUHvMAR2lS54C5NvMcJDNjUWXPjq/6ypcpfS2YavbkMtrDkGp2k69mmGZ0qYtwQKn6Olf/AGak3YeDNp5IDznR4Sm53+fVNe+oTZVsLCfYiem3IiICIiAiIgIiICIiAiIgJHt+cLmw2ccabBvQ90/mD6SQzDjMOKlN6bcHUofIi0raNxMItG40pfaFS4HjY+t7H62nf2DVy4g/ip3HmpDn6KJGsdTZQabaNTdqbfUX8ridXZtf9Jhm6t2TeTgg/UTztuOvFk/20ualWBNgpWpfopKux+WeQHA4gvWquujBeyQdGNgo9O8vpJhvA5OFqAffp0VPkaiofo0r/YWIsatW3uU6lf1ys4/nRPnM83M/ny6Ld4cXeyuL5F4C6jx4Ip/gC/Wc/CAGqPhT5d0a+hOX5zFtar3x+EADyA0+h+k2NlKFQseNs31sAfAkn+GVpHG1I5ZmoNWqhAcoFyzNwRQL1KjnooFvGw5mdfZ2zziqyUkQjD0jkVDxJ0JD9XYkPUI4XVOQmq2HdCMMlzUYqaxAu2a4NOivUqdSOdQqDYJeSlGGGpHD0rZwMldxqF0N6KNztcln4kk8yQtZibT0wtOu8sG0sMcVWpYakboWFPN1FyalTp8TeQEtvDUFpolNAFRFCKo4BVFgB6SKbibEKD7RUFiwtTHRTxbzOlvDz0mE9XDjiteFscTrc+5ERNmhERAREQEREBERAREQEREBERAqz2mbLKYjtR7tZf51sD5XGQ/xTgLWHY5hxGWqPNSCR9PrLe3l2QMVh3pH3veQ9HHD56jyJlLU7r2lJhZgSpB5a5WHhY2+s4M1ei+/ly5q6na0MYwak3TsnYfuVBUH0AlX4RilPFEf7Kmn8WIpKfpeWBupW7bDYUE+8j0T5rRCH6oxkDxgy08SBz+z/wA1Wk39ZjaNw0tzyimJbMT5KPpc/nO5sg5KZrWBy2ZQeb6rSB9RUfoQluc4TKbNbjpb1VQJM6WHKKiqMxpKhA4/paoUIbc7UwGt8QI1uZWI4hFWxsTCtTGhIxD8X1LUlYa2v/juCbc1U395iJYG7u6yIiNVXhqtM8Bzu/U87fO5kf3fwZolXJvUN2F9ct73c395jr9T1MlH+mXBtcE8NQOOmllFydRoLa+BBPRh6Kd1613zKRRIdid73Viop3txuLN5hCQD5Fh5g6HHh99mHedENO+XtELBVPSpm1pN4MB1vbWb/wBTj+WiaxNDA7WpVbAGzHgG0v8As8j6Tfm9bRaNwEREkIiICIiAiIgIiICIiAia1XaFFWytVQN0LC82Y2Eqf2o7J7GuuIUd2ro3hUUa/NbHzVjLYnI3s2R9qwtWlbvEZqfg66r5X4eRMyzU666VvXqjSBezbFZkVfgxDgeT0aj/AJlvlOBtz/5Y8KT+i16Qv6AGZPZZiMuIq0zzy1ADxui1lPl7wE8bbe7MBxOEqfMitVH5iedEso9MI7svD58RSQ6AuCx6KgzMfQC8lmza4ZGqucvbV2dj8KU0dmHkFf8AKRjDNlqYhlFyFekvnUYJ/wAgqCdCk5qK9FAWyrSw9h941qyh7dSwFQDgbBesLVTPY2IetkNrPVIsvwgi4UdMq2v0yseYBney9kJR195+trAeCjlxOvE3Os5+6mwDQU1KtjWYWNuFNSb5F8SbEnnYDgBJDO7Bi6Y3bu1ae0NmUqw76gnkw0YeREg2393amHPa0mNgLdoAOHw1V4MngdOmU2EsWCJbJgrf7/IqDD13UkUVAbVnwjE5Ht7z4Y8RzNh3h0Nheebn7fXEJlzEsvxe/wCKv+IdeYsddZyd892FCGtSRsqnO6JoyW/xKVtQV42HLhwsYxsPaTLiKNbMGOZRUcWArUicvakDhUUtlYD478OHDE2wZOfyELgiInqJIiICIiAiIgJq7Q2hTormqOFHLqT0A5zHtXa9DDrmrVFW+irfvO3JUXi7HoJEMfsbFYut2zU2VGsEViBkQcAwJuCdSdOJ8BKXtrsNrG75M+mHVR+N9T6KDYeZJ8pzGxld79pWdr8r2H8IAX+W/jN1t08QvuGl82H+W02Ke5jsP0lcg9EFx8z/AGmExksry4NWqBxYL5kD8yfrNjAb09joKt1+FtR6ZeHoZmx+4FQa0qiVPBy6fIre/wBJyU3TxqHTCg/iD0j9Xa8p03qrPVCc7L3rw9XQsEPie76HT6gTugyv8BuhiG/WqiebZiB5DT6zlbQ3jrbOqdkqVMoOU53UJr7hCZWsjfErjodQQNoyWiPNCYmfdpY3A/Y9uORolVKtVP31zsPRg3oRI/jsSRjhTPBaaU/UIlIg+oedvbG8C4+ph2ZUpV6ZKqc3ccMrKUzH9W3e5mxsO8DYGHY+o/2/FOQR2TF3B0IGe9iDw1qKJx2iOuddlLfT5dzdzZL4hnUXANSmWcD3bq9vIktb+9pI/Z7s1VxtVANFqK+v+7WqPoXp/Kbu4OHtS2ll1KsmXzpqWE3NwsP/AO47RbkmRR4ir+kv8lUycdfPH15/x/DSscRKwYiR/eDe7D4Ve82Zj7qrqW/ZA4+eguLXBnozaIjcpmdJBPFaqqqWZgqgEliQAAOJJPASpcdvZj8Ux7M/Z6Q4kWuRzuToBw5XHxTobkYXDv2uLxDmoiMKaVcQ5bM47xKhzwHdt1N+ai2UZomdRCItt36O0cbjMQooKaGCU3asy2qVwOVIN7iNwzWva5BBtMG9excEmZxalUJLWUqqFiCMzqQQOJ90ZiCRqCROtR2nVxR/1YGnR54h11bwoI3H9thYdDMn/pTCE5npGo3El2dsx6sCbN6iLV6413/PZKvKmPqYl0w9OtisQ6gKFpN2NNVtbNUNmY8D3nAvrbjaWHsDYJoU8r1qrk6kGrUYA9FLsWt6gHoJ1cLhadNctNFRfhVQo+QmaTjxdPMztLxSpqoCqAAOAAsB6Ce4iahERAREQOJs7dTC0axxIRnrm961V3qPryGckKBwAUCwJtxM7cRGgiIgIiICcXevd6njaD03HeykI3ME8r9OHyB4gTtRImImNSPy5VDKalKoO+jGmwPxKbcPH+sk9LJi8BVrv+vwlNqVQ31q0cpaiXPEspXLf8JveZ/bLsjscctZRZcQmb/iU7BvmppnzvOZuVrQ2svJsG59VD2/OcE+W2mcerSyfZK+aniG+I0ifG9IX/rOxu9hFoV8exayg0U8glLu+Zysgkb9jmJAoYgsQoRaZYk2ACiqtyTwFlnP3t3pZWr9nmUvUzKDoVApU0v1DHLz1XgLEkjSJita2942nq1V198N8TmNCjq/AjiE5XfkX5BNQNb3OixSlgAt6tclnPeJY3J8Wvc68Op/LR2JQygMRd2739L26cgPA8tDhxeJatUKoc+W7Eg91baE3+8eV/QTK1+rmVN75lk2nje17oOWlexA41DxsAOX/l9QTO90NzS4SriwcgH6KgTcAHW7+B0OUADqOUie7e08DhanaYkVKjr7gRVKDnxZh/5rJ5gvads+o2XNVThqyaa9SpNreMvirWZ3ef2TXXeUzUACw0A0An2eKNVXUMrBlYBgQbgg8CDzE9zuakREBERAREQEREBETy7gakgecD1E4FPeB2rNSShc8QC/ftf33UKRSQ8RmYMde7fSb9fZ7VRarUYKeKUyUHkXHfI8iL9JXq32GzVxlNTZnUHkCRc+nGa+M2lkF8j2+LI5A8bKOEyYDZtGiLUqSJ1ygXPmeJ9Ztxq0iJYvHYmqhbD16NReid0+WrGx8yJF8FvPVw9YkljrZ6bk8fXg3jbzvJht/dnOxr4U9liBrcaLU8HHDXrbzvK/3pq9tRasyZK1EiliEPIE2D+QNv3c2pAUnlva9Lck9nX9q1Sni9m0sTT17OqCeq5lZCp8cxT6SH7gUv0O0364cUx5utX+yzxsvajHDYvDOb06lM1ADyqULVQb+Kow9FnW9l9SnSweMrVVzIofOvxhaQ7o8SXI8zM807mPrpnE7ttobsbUNGliRpY9icvxMDVZR5C5Y+Kr4g86zVWS4zE5iR8RNSp/b5XmPE4dqbFDxzcutrH65renlO3jNmINnUwbCriK1WnUqG9qWHw9Zw4W2ozOKaaat2gXwla+au1IiZc/aNYlhh6TXdtKjg6aDVQRwVRxI4AW8J2sFsJ2w+WkGA0NwO8xP32Ui1raKCTb1udvdnYa00FQ0ioI0zgBio1uw1A5Hsxe2l8xE5m3t4karkVe2C6XDEIGPw2BLm+mbS5B0Nrmut9ltONtLdXE0zmOZ11JLKVZeet9CPInymvhtiu1rnJfm3EjlZB3vnYHrJLsrZuIqMcqlSfu073UX5ka+p08pMtm7ks1zVPZ35ADO1+bEHTy19JetbT2grT5RTYe2X2etqblweKNfKSTxVc3dYk8jrz5SyNkfbw69qFZGOZsxAZAVJATKADY5RYjqbnnzdk+z+jSrrXqVDVKG6KVAVTyJ1NyPTWTGdWKl49TSIIiJukiIgIiICIiAkD2xisZi6jpgABrkbE1D+joqLd2mBfPVOrGw00DEEC08iVtXq7jk7s7DTB0BSVi7XL1Kre9UqH3nb8rXNgAJ1oiTEa4CIiSEiO+273aXxFNMz5TTrJoO2osLMhvpmtwPUC+mol0Sl6ReNSPzHs26tVpMSSCaVyCLm+U3B1HlJTu+oTZdO/CrWBbyDO4P/4rOhvVsEPteii6GtVysBzWnTp1S48lJX91ZFae1HFCjQOiCnRe3/Bz5h61T/CJ5ubff4/7DPWts+BxFMYimal6zF+17JdF0zMc7sRlQXLE20AvPG+29tRFFOipQM1Woja3vVqvUqMCQDbO7qBYWAN9bquDcXBfaK6qzBDiHKZuYpreowTxOW37gB0Jmrv/AIEKaWUWRamKpKLk6JjsYANegCiXx1mY83Y1qqO4DO+ju73IAUszZmPIAnU/3lubjbmM7KzqbcXbgq/gQ/eblccB6A6fsX3PFUnG1luiErRUjRm4M/iBqvz4y6wLaCdNMfVzK1Y0w4PCU6ShKaBVHIfmep8ZniJ0rEREBERAREQEREBERAREQEREBERARNLaW18Ph8vbVkpZtFzsBfUDS/iQPUSN1/aTgQSE7WqRcWVLcCR/iFePLrcSJtEd0xWZ7Oimz1baT1Txp0VK+dUshPoKVv3pR+2aRUUbDjhUA/dpov8ASWI3tGVa7VVwrkVUSmAzBQOzLtmJUNoe1C+akStsZj+1I+6KdFFOvJGxNyLgW95RzHd4ziyxE04+Z/2res6TDdzY/wBnwuysTbvvj6YJtwpFa1JbeBJz/v8AgJyN9sE1dsHhqYGepjtpID0vjQAT4DOx8rzu7c3y7ahRprhlpqlWg9Mipe2RgVGXINLAjQzkbH2/T/0iuKqo3ZUjiKyqlnIfEV6i3uDZh3hqOgmm6x5I+hNZjiV17I2cmHo0qFMWSmoRfQcT4nj6zbkewO+uBqadt2Z6VVan9XAH15jrO/TcMAQQQdQQbgjqDOmNeydPUREkIiICIiAiIgIiICIiAiIgIiICfG4aT7ED877fxWKavVfEuwcsyoVVzkUMe4QBYWsoKcb363OpWxp1VCcyrcAMgY68u4RpxIF+IsddZJv1np4/FZGK3ZW8Dmpo2oOh1JnDO3quVlZFOb3mVmpufG66X8eMwtimZ22pmiI1Lg7QxedGUI+UszsxAyISKeXvA90C17tbRrWPPBQq5SxIYm3Ar3bC+l20NyRp+d5Ia+1ablc9OubNmt2iMptawZSouAQD1B4Gaa1aActmxOv3QlHKBroFFra9OQtw0lP0Z0i00lzsJtUNUpIwsb2vlte2oJ19OJ9J42das7jtQgJsq+6WPvcrDKLnS4vm5zsUsRhFuRTrlib3y0V+fP638Z8TF4cIqLhn0vdi6qW1uL5b8PC3rYSf0bb2dVercy9rRCDsziFc8Mt3IU8CpvYLryOnXUgyT+y7a2L+2BELPh3JLDilrC+Q24qbm45Cx4gTg0MSWOlNF5a3c8b/AH9Br0Esn2ZUf0lVzqcmW58WFvyl645rO5L5YtGohYcRE2ZEREBERAREQEREBERAREQEREBERAq72sbHyumKB0e1Nx0ZVJBB8VBFvw+MrRhLy9pdANgXJ+46MPC7ZPyYyjayam1weoNvyhWWNhPDCeKqt8TfT+swMj/G3yX+0lLYntBNMI/xt8l/tNrDUzfVm+YH5Qh2dn0yeA/885cXs/2YadA1GOtTgOiqWA8ydT8pU+zEGn9dTL42ZQyUaSD7qKPoLyvumGzERJSREQEREBERAREQEREBERAREQEREDhb8U82AxI6Jn/hYN/SUJihP0Tt6jnw2IT4qVRfmhE/PGKEmES0GMxkDoJ7eeDJBQOgmzh+M1hNnCjWEJBsinnemnxMq/M2n6AlHbl4fPi8OP8AeK38Jzf0l4yqYIiISREQEREBERAREQEREBERAREQEREDzUW4I6gj5z847Xp5XIn6QlHe0bYlSjWdip7NmLK/3bE3AJ5EcLGIRKEuZ4npp5lh9E2cLxmqJsYZhflCFi+zSjmxaH4VZv5Sv9Zbsrz2XbGqoWxDoVUpkTMLFrkEsAdbaDXnfSWHKrEREBERAREQEREBERAREQEREBERAREQE+OoIIIBB0IPAz5ECObU3H2dVzM2FQHjdM1O58ezK3kE2lulg0chaRAv/tKp/NoiBt7N3LwLmzUSb/72sPyeWRhdkYemiolGmqrawCjTLwPifHjEQN2IiAiIgIiICIiAiIgIiIH/2Q==";Tropicale;Modéré;Grande;Lente;Rare;Facile;Feuillage décoratif;Non;Verticale
